CustomerID,Recency,Frequency,Monetary
12346,165,11,372.86
12347,3,2,1323.32
12348,74,1,222.16
12349,43,3,2169.04
12351,11,1,300.93
12352,11,2,343.8
12353,44,1,317.76
12355,203,1,488.21000000000004
12356,16,3,3455.15
12357,24,2,11244.94
12358,11,3,2593.76
12359,61,6,2453.28
12360,15,5,1415.48
12361,98,3,321.2
12362,374,1,14.95
12366,269,1,500.24
12368,264,1,917.6999999999999
12369,49,3,1615.8
12370,260,3,624.32
12371,45,3,1953.97
12373,260,2,662.85
12374,57,3,2121.04
12376,25,2,428.0
12377,17,2,1740.1
12378,198,1,1342.7
12379,58,2,767.73
12380,101,7,5021.64
12385,15,1,1937.5
12386,2,1,258.9
12387,51,1,139.94
12388,81,2,1120.45
12389,38,3,1433.33
12391,100,5,2136.53
12392,227,1,234.75000000000003
12393,18,2,816.85
12395,7,4,2033.09
12396,310,1,931.43
12399,21,3,853.5
12400,50,1,205.25
12402,28,5,1031.0
12403,157,1,585.5600000000001
12404,318,1,14.95
12406,35,3,2853.54
12408,21,3,1371.67
12409,56,4,12200.3
12410,138,1,270.28
12411,45,1,346.9
12412,38,3,1351.75
12413,38,1,215.25
12414,99,3,134.85
12415,11,7,17140.31
12416,292,1,202.56
12417,46,11,3108.61
12418,49,3,1352.62
12419,21,2,450.81
12421,51,2,263.46
12422,30,14,3132.85
12423,23,2,756.78
12424,58,2,1579.07
12425,84,1,964.21
12426,298,1,750.28
12427,7,1,294.35
12429,1,5,3711.11
12431,9,13,4369.7699999999995
12433,2,5,7205.39
12434,17,1,297.29
12435,32,4,5390.4400000000005
12437,31,21,7582.49
12439,318,2,1158.18
12440,98,2,784.05
12441,2,1,170.5
12443,368,1,410.15999999999997
12445,56,1,301.58000000000004
12449,46,2,753.35
12450,35,3,490.32
12451,99,3,3604.36
12454,31,4,7447.19
12455,81,4,3362.99
12457,71,1,557.53
12458,63,2,759.9399999999999
12459,241,1,428.26
12460,92,1,326.55
12466,318,1,14.95
12467,59,1,132.8
12468,162,3,2880.2
12469,158,2,2629.9
12470,325,1,210.95
12471,10,49,19698.25
12472,5,13,11144.03
12474,14,13,4925.41
12475,45,1,426.16
12476,32,12,7117.64
12477,35,3,7056.63
12480,35,3,1976.21
12481,1,6,6425.22
12482,212,29,19332.66
12483,14,11,2375.95
12484,119,6,1739.03
12485,165,1,708.1
12486,67,1,958.13
12487,366,1,285.29999999999995
12490,14,11,4238.69
12492,39,1,439.8
12494,1,3,608.47
12495,276,1,307.3
12496,256,2,54.09
12497,36,2,4293.63
12499,196,1,387.62
12500,71,8,1663.84
12503,220,1,245.35
12504,53,2,290.90000000000003
12505,44,1,872.9
12507,220,1,500.09999999999997
12510,95,7,2553.36
12511,64,1,3077.02
12514,277,1,580.08
12516,66,2,1296.91
12519,112,1,379.6
12523,10,12,2539.68
12524,24,9,6434.19
12525,134,3,958.48
12527,130,2,386.8
12529,164,1,316.48
12530,51,5,2030.1399999999999
12531,322,1,1780.53
12533,263,2,1343.49
12537,44,1,657.79
12538,14,1,276.5
12539,86,3,5633.35
12540,14,16,8266.7
12542,120,2,481.88
12543,84,1,915.0
12547,136,1,162.73
12549,211,6,1424.48
12553,21,2,871.22
12554,84,1,429.35
12555,318,1,14.95
12557,7,4,5260.7
12562,21,2,1160.78
12563,44,1,236.19
12567,3,7,4058.33
12568,280,1,66.95
12570,318,1,14.95
12573,17,4,556.87
12575,93,2,613.67
12576,28,3,776.79
12577,17,5,995.9499999999999
12578,21,2,1631.22
12580,212,1,628.05
12582,58,2,1469.04
12583,9,13,7068.46
12586,10,3,1858.73
12588,35,3,618.63
12589,57,6,2960.43
12591,26,2,832.0500000000001
12592,155,3,1426.69
12594,14,5,1711.79
12595,140,1,295.97
12598,99,3,1489.6599999999999
12599,17,6,1242.79
12600,7,12,2393.03
12601,40,1,100.14999999999999
12605,12,4,1216.65
12606,318,1,14.95
12608,40,1,415.79
12609,10,6,2266.31
12613,24,5,3351.17
12615,49,4,3405.29
12616,24,1,411.7
12619,196,1,140.14
12621,1,16,10356.64
12623,52,6,3375.64
12625,145,2,2436.46
12629,21,2,1324.77
12631,92,5,2841.07
12632,156,2,789.63
12633,18,3,3450.38
12634,171,2,374.95
12635,28,2,1219.88
12636,374,1,14.95
12637,14,4,2288.41
12638,275,1,199.7
12639,70,2,751.12
12643,21,6,4207.51
12644,66,3,1435.53
12645,45,4,1733.62
12647,3,27,13262.98
12648,73,3,784.8
12649,18,5,1638.74
12651,14,3,263.75
12652,70,1,97.05000000000001
12653,162,1,1950.98
12655,59,1,258.3
12656,61,3,2313.96
12661,72,1,162.0
12662,9,10,3071.39
12663,260,2,230.25
12664,150,2,1087.96
12665,53,2,244.5
12666,30,1,1244.42
12668,14,6,7388.53
12670,21,2,752.04
12671,242,1,2582.161
12672,231,1,211.05
12673,37,1,610.35
12675,189,2,917.35
12676,44,5,1346.35
12677,191,2,389.0
12678,11,9,15770.55
12681,3,24,16816.44
12682,1,23,11562.69
12683,1,8,4147.01
12686,7,1,86.09
12687,116,2,1873.8600000000001
12691,56,1,131.54999999999998
12692,273,1,110.95
12693,32,3,822.71
12694,57,1,961.48
12695,164,3,787.92
12696,70,2,776.76
12698,226,1,330.59999999999997
12699,53,1,621.91
12701,165,4,1627.35
12703,269,3,707.73
12705,19,5,4864.36
12708,4,9,2539.34
12709,2,20,20515.0
12711,247,2,1317.7
12712,1,10,2738.63
12714,24,7,9238.45
12717,226,1,242.88000000000002
12720,5,6,2430.14
12721,21,2,1336.65
12724,19,3,1264.76
12725,7,4,1996.46
12726,23,4,1384.15
12727,78,3,1659.18
12728,19,1,227.74
12730,157,1,803.9
12731,78,5,6810.2
12733,25,3,2040.92
12734,10,2,523.15
12737,134,2,29.9
12738,8,1,152.29999999999998
12739,21,2,1330.59
12741,165,2,251.02
12742,261,1,1141.04
12744,95,4,4033.77
12745,122,3,738.8
12746,176,1,254.55
12747,5,16,5014.53
12748,1,144,19663.74
12749,35,4,2741.48
12751,80,1,268.27
12755,1,10,1791.51
12758,95,5,7111.650000000001
12759,22,5,3460.45
12760,91,1,347.7
12761,93,2,772.75
12763,5,1,320.08
12765,108,6,1404.23
12766,2,3,2882.9
12767,11,1,949.82
12768,86,1,168.69000000000003
12770,92,1,1895.0
12771,121,1,256.2
12773,200,1,124.25
12774,171,1,98.65
12775,24,2,299.98
12776,303,1,42.45
12777,93,1,517.45
12778,32,3,953.1
12779,7,7,2740.91
12780,234,1,337.34999999999997
12782,10,6,2115.67
12784,165,1,1138.98
12785,171,2,708.2
12786,245,1,728.3000000000001
12787,49,1,395.46999999999997
12788,99,4,444.7
12789,148,2,178.4
12790,46,1,262.88
12791,9,6,746.53
12792,170,1,400.37
12793,7,2,432.7
12796,264,1,380.9
12797,1,2,512.9300000000001
12798,57,1,845.5699999999999
12799,165,1,217.35
12800,106,3,545.1
12801,136,1,896.5699999999999
12802,78,6,1969.2
12803,29,1,1092.56
12804,101,2,327.02
12805,17,4,1410.35
12806,71,4,2222.21
12807,19,1,278.25
12808,4,3,409.4
12809,201,2,1083.68
12810,170,2,534.99
12811,14,2,479.9
12813,137,3,1684.6
12817,35,2,474.84000000000003
12819,94,1,540.52
12820,33,7,1747.18
12821,247,1,128.07999999999998
12823,30,13,4742.0
12825,157,2,510.63
12826,1,6,1481.03
12829,186,1,92.30000000000001
12831,99,2,236.06
12835,63,41,6043.31
12836,25,11,3910.76
12837,205,1,544.3100000000001
12838,9,9,2713.35
12839,3,13,4430.3099999999995
12840,73,3,1315.2
12841,5,17,3518.33
12842,40,2,799.0
12843,18,22,4672.46
12844,78,2,322.64
12846,318,1,14.95
12847,23,1,765.36
12848,311,1,208.0
12849,17,4,2032.67
12850,81,1,330.0
12851,113,1,148.95
12853,63,5,1950.4
12854,197,4,1665.52
12855,8,4,450.79
12857,72,4,2581.6
12858,19,1,172.92
12859,94,1,575.1
12860,329,1,55.47
12861,255,1,68.25
12862,61,2,998.3199999999999
12863,15,5,2271.35
12864,144,1,152.45
12865,14,2,1747.24
12866,110,2,667.98
12867,33,6,3876.47
12868,9,3,640.0
12869,317,1,337.66999999999996
12870,11,3,1565.9
12871,75,1,363.38
12872,1,11,3085.52
12873,33,2,1653.3
12874,21,2,948.17
12875,107,3,384.48
12876,30,2,1851.22
12877,37,8,1419.4
12880,17,2,640.13
12887,19,1,222.4
12889,17,4,385.46000000000004
12890,23,1,334.8
12891,94,8,319.88
12892,32,1,263.38
12894,211,1,152.35
12897,17,2,297.75
12898,99,2,310.96000000000004
12899,49,1,356.4
12900,58,1,340.33
12903,64,1,833.53
12905,212,2,1016.42
12907,31,2,498.91
12908,16,3,246.24
12909,60,3,924.52
12910,15,5,2681.16
12911,187,1,1634.47
12913,4,9,3870.4300000000003
12914,36,1,223.98
12915,8,3,811.1
12916,78,3,1643.87
12917,36,5,3765.2
12918,262,1,14.95
12920,207,3,323.86
12921,2,39,19333.95
12923,26,2,612.9
12924,29,8,1258.5
12925,228,1,35.28
12926,47,4,1543.46
12927,30,1,195.31
12928,14,7,2242.19
12931,16,42,26752.72
12932,175,8,1698.56
12933,16,5,1077.5
12934,372,1,116.65
12935,11,8,2083.16
12937,99,5,1593.34
12939,15,12,10637.1
12941,360,1,377.49
12942,1,1,258.75
12943,194,2,491.5
12945,292,1,437.16
12946,72,1,324.45
12947,9,1,304.04
12948,366,2,252.48000000000002
12949,18,14,11355.48
12951,22,9,2147.65
12953,158,1,498.96000000000004
12954,274,1,162.45
12956,320,3,413.82
12957,177,5,4668.43
12958,36,2,539.49
12959,120,1,149.95
12960,49,4,1294.3500000000001
12961,15,1,211.99
12963,1,5,1744.96
12964,73,1,132.24
12967,7,2,2346.02
12969,238,1,122.45
12970,16,6,1072.73
12971,2,33,4212.52
12972,49,4,1159.2
12973,49,1,125.45
12974,201,1,264.15
12975,72,6,2079.09
12976,14,7,2417.7799999999997
12977,137,3,367.34000000000003
12978,21,5,2502.82
12979,365,1,513.7
12980,22,12,5670.88
12982,30,7,2352.27
12983,234,1,490.08000000000004
12986,64,10,2729.84
12987,56,3,753.51
12989,60,18,4590.04
12990,53,4,546.0
12991,25,1,236.06
12992,361,1,93.35000000000001
12993,81,4,844.87
12996,11,1,355.5
12997,30,4,884.02
12998,128,3,920.08
13000,361,1,497.65000000000003
13001,40,20,14353.28
13002,52,2,293.18
13004,22,18,5994.94
13005,67,2,485.98
13007,215,1,175.25
13008,33,2,382.66
13009,308,1,234.0
13010,10,2,330.12
13011,8,1,50.550000000000004
13012,65,3,1310.99
13013,7,18,7753.47
13014,68,1,1914.8
13015,74,6,2952.09
13018,49,7,2343.41
13019,15,6,1229.95
13020,198,2,618.96
13021,10,8,2268.86
13022,65,1,65.25
13023,164,1,736.8299999999999
13024,106,2,553.87
13025,367,1,323.39
13026,124,4,757.72
13027,21,13,3490.56
13029,10,2,439.79999999999995
13030,4,1,427.74
13031,43,5,3419.27
13032,28,7,1823.37
13033,65,1,30.0
13034,5,2,279.91
13035,67,1,442.32
13036,320,1,307.1
13037,35,9,3013.88
13039,220,4,1010.73
13041,86,4,799.13
13042,234,3,1549.54
13044,128,10,4287.43
13045,37,2,503.64
13046,92,1,319.94
13047,9,17,5543.62
13048,72,5,2248.3
13049,25,2,751.5600000000001
13050,2,19,6422.59
13051,214,2,155.8
13052,56,6,2805.38
13053,257,1,127.65
13055,65,1,1106.7
13056,187,1,207.48
13057,166,3,722.09
13059,49,9,2119.77
13063,116,1,188.4
13064,186,2,451.2
13065,9,5,1055.05
13067,45,2,393.05
13069,5,16,4290.93
13070,95,3,522.9
13071,248,1,129.22
13073,47,2,412.08
13074,147,4,1262.98
13076,93,1,135.4
13077,2,8,2335.4
13078,2,32,16858.11
13079,53,1,199.08
13080,37,3,222.65
13081,7,19,30817.37
13082,60,12,2733.2
13083,61,1,91.67999999999999
13084,127,1,122.39999999999999
13085,315,6,2017.2
13086,18,1,439.33000000000004
13087,362,1,313.64
13088,53,1,236.11
13089,4,109,57613.95
13090,1,13,5127.22
13091,365,2,777.9300000000001
13092,50,7,1662.45
13093,9,48,46968.38
13094,4,2,505.8
13096,30,1,89.69999999999999
13097,24,18,7039.01
13101,134,3,594.21
13102,1,14,5202.83
13103,73,2,465.70000000000005
13104,51,3,610.62
13105,72,1,72.0
13106,49,1,348.91
13107,49,5,3721.45
13108,8,2,748.46
13109,187,1,347.49
13110,73,5,1456.8000000000002
13111,354,1,321.88000000000005
13112,177,1,20.6
13113,2,14,6379.7699999999995
13114,366,1,234.38
13115,15,6,3174.92
13117,1,12,1637.8999999999999
13118,12,4,1217.6
13119,304,1,134.9
13123,108,2,506.75
13124,21,1,916.12
13125,159,1,158.57
13126,2,7,1898.6100000000001
13128,267,1,263.5
13129,88,2,231.99
13131,54,4,2240.47
13133,95,1,90.65
13134,38,2,601.65
13135,127,1,271.45
13136,11,8,3666.9500000000003
13137,22,8,4060.29
13138,8,2,504.85
13139,73,1,3107.8
13140,2,3,776.96
13141,21,12,5275.83
13143,220,1,405.1
13144,67,1,24.4
13145,8,4,524.95
13148,25,14,4894.6900000000005
13150,120,3,449.96999999999997
13151,261,2,1320.8700000000001
13152,53,7,2119.38
13154,35,3,1624.84
13155,4,3,778.42
13156,21,3,1577.54
13157,45,5,3946.14
13158,24,1,307.12
13161,136,1,366.13
13162,16,12,7587.2
13163,246,1,17.65
13164,205,2,372.2
13165,49,1,429.68
13166,50,1,466.98
13167,26,1,333.82
13168,178,1,556.12
13169,198,1,127.2
13172,36,1,69.6
13173,3,10,2270.65
13174,5,10,6620.76
13175,218,2,781.4499999999999
13177,66,1,229.75
13178,33,10,8333.72
13179,254,1,572.3100000000001
13180,243,1,86.10000000000001
13181,17,1,359.69
13183,30,6,3078.4
13187,260,3,130.99
13190,180,3,504.65999999999997
13191,294,1,164.69
13192,171,4,1636.6399999999999
13194,57,1,412.08
13195,50,1,172.38
13196,79,3,1261.06
13197,245,1,323.01
13198,23,2,1516.99
13199,2,30,5157.05
13201,138,4,1240.6100000000001
13202,30,7,1549.3
13203,22,6,1778.79
13204,367,1,959.6600000000001
13205,79,1,1576.8
13206,36,13,8370.84
13207,87,2,285.6
13208,85,3,764.6
13209,150,5,2617.9
13211,17,7,1531.9
13213,19,6,2328.94
13214,53,7,3264.23
13215,38,1,81.6
13217,291,1,76.32000000000001
13219,254,1,76.23
13220,211,1,516.8
13222,213,1,88.5
13223,59,4,805.9200000000001
13225,57,9,9703.83
13226,29,1,204.25
13230,1,17,3468.81
13233,56,2,571.34
13234,308,2,356.95
13237,23,1,643.0
13238,66,2,305.9
13239,73,4,1265.1299999999999
13240,1,5,1074.87
13241,47,1,115.58
13242,87,4,429.0
13243,85,4,677.97
13245,68,1,558.72
13246,29,5,1400.1299999999999
13249,37,6,897.52
13250,96,2,256.04
13251,38,1,252.68
13252,30,2,393.3
13253,66,2,1920.71
13254,12,1,51.410000000000004
13255,9,2,504.95
13257,72,1,141.75
13258,15,2,336.59999999999997
13259,33,8,1141.06
13262,25,2,373.16
13263,29,4,1250.6200000000001
13264,78,1,720.5600000000001
13266,49,7,2273.06
13267,2,18,5231.77
13269,5,14,3545.47
13270,2,1,424.8
13274,45,1,360.85
13275,19,2,241.66
13276,33,3,1327.33
13277,16,3,264.9
13278,35,3,893.12
13280,15,4,1503.77
13281,75,1,350.85
13282,42,1,181.05
13283,203,2,279.7
13285,236,2,655.47
13286,236,1,730.91
13287,239,3,781.59
13288,79,5,927.61
13289,359,1,305.95
13290,74,1,14.95
13291,50,10,2957.73
13292,51,3,410.57
13293,28,6,1192.94
13294,282,1,775.79
13295,12,3,900.77
13296,59,5,705.11
13297,21,3,2277.77
13299,59,2,1074.2
13300,24,2,913.62
13302,162,1,91.45
13303,36,1,61.72
13304,91,3,903.57
13305,8,7,1751.85
13306,66,1,53.65
13307,123,2,258.34
13308,232,1,284.86
13309,28,1,249.58
13310,16,2,409.17
13312,87,1,124.75
13313,115,7,1885.52
13315,325,1,310.26
13316,28,6,5321.12
13317,21,13,4212.411
13319,1,34,11228.95
13320,70,2,679.4
13324,64,8,3230.24
13326,68,1,281.76
13327,1,14,6185.05
13329,2,7,4323.97
13330,91,3,1640.25
13331,37,1,195.4
13333,47,3,1015.74
13334,172,2,2726.93
13337,182,1,1573.26
13338,177,3,1873.55
13340,53,5,8281.18
13346,98,6,299.4
13357,130,4,3216.41
13359,39,1,568.7
13360,67,4,1516.6
13361,108,2,1450.5
13362,14,3,2303.33
13363,45,1,729.36
13367,67,1,475.15000000000003
13368,50,2,463.05
13369,1,1,273.23
13370,7,1,754.87
13371,141,2,2245.66
13373,51,3,4203.7
13374,50,2,387.75
13375,80,1,1013.58
13377,32,2,1449.78
13380,68,1,62.4
13381,15,6,4569.06
13382,64,4,1164.59
13383,179,1,152.64000000000001
13384,26,4,2501.9
13386,50,2,835.46
13387,53,1,189.44
13388,239,1,506.55
13392,313,1,91.14
13393,219,4,1131.45
13394,15,11,4101.68
13395,36,2,812.03
13397,73,5,1575.74
13398,84,1,213.0
13399,100,3,275.4
13400,218,1,310.83
13402,8,3,913.9000000000001
13403,23,2,154.5
13405,117,3,580.88
13406,63,2,568.92
13407,214,3,2244.7
13408,7,46,23570.022
13410,29,4,1158.1
13412,256,1,483.34999999999997
13413,275,6,429.44
13414,99,3,807.24
13415,108,4,800.67
13416,372,1,228.3
13417,183,4,1028.66
13418,8,15,6049.77
13421,42,6,2247.04
13423,64,1,217.03
13424,85,1,572.77
13425,144,2,1779.42
13426,18,12,4526.06
13427,113,3,423.93
13428,150,2,281.51
13431,42,6,2047.14
13432,207,2,439.1
13433,137,4,658.3199999999999
13434,21,3,1132.6200000000001
13435,12,2,665.34
13438,183,1,46.5
13439,24,2,702.9
13440,59,7,1295.25
13441,67,1,424.26
13442,303,3,357.87
13443,84,6,1155.16
13444,10,2,631.6800000000001
13445,262,1,241.89999999999998
13446,66,11,3881.89
13448,9,9,5356.74
13450,10,7,2076.32
13451,17,6,4212.77
13452,108,1,59.8
13453,38,1,424.71
13454,277,1,219.87
13455,2,5,1847.59
13457,324,2,148.22
13458,15,2,2312.7
13459,260,2,1160.4099999999999
13461,43,3,2594.04
13462,46,4,1002.35
13464,30,5,2420.96
13465,82,2,931.12
13466,44,4,705.45
13468,4,38,7654.54
13469,289,1,82.4
13472,99,2,592.24
13473,210,6,2235.12
13474,79,2,430.2
13476,42,3,819.0
13477,91,5,1379.59
13478,105,5,2182.78
13479,88,2,550.42
13480,52,2,627.82
13481,10,6,2026.28
13482,263,1,151.45
13484,19,2,476.92
13485,12,10,2537.98
13487,141,2,271.47
13488,3,11,6619.57
13490,290,1,154.25
13491,8,18,3350.7400000000002
13495,4,6,3329.39
13497,4,5,972.28
13498,366,1,327.38
13500,37,1,299.53
13501,122,2,1544.79
13502,51,2,488.5
13503,115,5,1666.14
13506,5,4,1180.68
13508,278,1,176.07999999999998
13509,143,1,135.0
13510,11,7,2741.73
13511,312,1,251.76000000000002
13512,23,3,462.18
13513,77,2,619.49
13514,64,3,659.7
13515,85,2,374.7
13516,53,1,293.85
13519,78,1,220.46
13520,7,6,2907.2999999999997
13523,2,2,1136.64
13526,374,2,1006.3199999999999
13527,54,5,2396.23
13530,270,1,402.97999999999996
13531,2,5,1254.72
13534,15,10,1850.82
13535,38,1,89.5
13537,61,2,717.85
13538,32,5,1831.88
13539,56,4,938.02
13540,103,3,632.39
13541,63,2,785.25
13542,12,17,4004.17
13543,270,2,1439.6100000000001
13544,47,4,537.59
13545,26,2,374.64
13546,18,2,465.15
13547,44,1,175.53
13548,107,1,226.57999999999998
13549,23,1,87.6
13550,19,1,349.51
13551,302,1,152.39999999999998
13552,64,10,3238.85
13553,310,1,516.8
13554,16,7,1632.28
13555,14,9,4849.91
13556,65,2,200.82
13557,51,11,2448.2
13559,148,2,726.0
13561,33,10,1676.86
13562,37,5,3038.85
13564,4,35,15400.43
13565,47,1,174.57999999999998
13566,70,3,833.41
13567,64,4,1082.69
13569,3,3,520.03
13571,18,14,2444.2200000000003
13573,15,4,622.07
13574,47,1,421.25
13576,9,11,4830.400000000001
13577,18,7,1801.68
13578,45,1,147.66
13579,5,4,1072.0
13580,42,1,82.75
13581,50,1,162.53
13582,25,2,241.68
13583,315,1,664.001
13584,134,2,250.05
13585,166,3,684.54
13586,177,1,131.53
13587,85,3,961.1
13589,85,4,733.09
13590,11,12,4367.67
13591,71,4,976.8100000000001
13593,23,9,3469.61
13594,121,1,136.35000000000002
13595,152,3,818.22
13597,36,2,396.71
13598,131,4,609.42
13599,2,14,4950.52
13600,270,1,298.9
13601,28,2,491.82
13602,17,3,596.28
13604,294,1,711.62
13605,23,2,522.67
13607,38,1,400.3
13608,176,1,236.2
13609,229,1,141.35
13610,23,7,1034.0
13611,10,7,2143.73
13612,268,1,818.29
13613,88,5,1039.8500000000001
13614,29,2,742.73
13615,35,7,5557.79
13616,204,2,282.1
13617,44,5,732.57
13619,180,2,231.69
13620,164,1,112.34
13622,332,1,656.95
13623,16,5,1816.71
13624,24,1,401.6
13625,232,1,301.26
13626,15,1,445.81
13627,124,2,607.43
13628,312,1,310.14
13629,49,8,5013.96
13632,30,3,1518.88
13634,10,11,3478.9700000000003
13635,78,3,1928.1299999999999
13639,72,1,312.93
13640,247,1,405.0
13641,276,5,957.32
13642,68,3,159.92
13643,18,7,1627.33
13646,35,2,326.25
13647,130,4,1393.56
13648,36,8,1764.02
13649,2,5,1325.28
13650,10,4,1451.66
13651,17,1,130.65
13652,4,3,1475.77
13653,123,1,152.2
13654,16,5,3596.67
13655,10,4,1347.54
13656,135,2,699.2
13658,19,4,3386.33
13659,52,10,3265.68
13660,36,1,313.59
13661,239,1,325.24
13662,21,8,1348.35
13663,16,4,1850.04
13665,22,3,1707.6599999999999
13666,56,2,43.25
13668,19,14,6671.75
13669,43,1,195.0
13671,30,1,194.95
13672,366,1,233.53000000000003
13674,68,1,240.68
13676,175,2,243.9
13677,40,2,556.1899999999999
13679,129,3,281.26
13680,107,8,7713.25
13683,93,1,258.6
13684,26,3,529.75
13686,16,2,337.04
13687,74,1,974.88
13688,271,1,375.5
13689,80,1,349.5
13691,32,1,212.78
13692,44,2,1626.08
13693,10,9,2001.82
13694,9,94,109775.94
13695,213,1,266.6
13696,57,3,2020.4
13698,232,2,415.53
13699,186,1,455.57
13700,53,3,348.34
13701,82,1,161.0
13702,81,1,135.18
13703,51,1,326.06
13705,9,5,1173.42
13706,262,1,296.38
13707,65,3,2559.45
13709,82,5,1261.7
13710,59,2,329.04
13711,42,7,1537.2
13712,246,1,507.34000000000003
13713,44,3,723.26
13714,101,1,161.35
13715,8,13,7403.95
13717,93,2,318.29
13719,29,6,1757.57
13721,31,1,217.39999999999998
13722,56,7,3260.0
13723,28,5,1005.35
13724,273,1,213.01
13727,247,6,626.57
13728,23,10,1839.03
13729,71,3,724.73
13733,46,2,487.03000000000003
13734,144,4,2941.64
13735,12,9,6925.9800000000005
13736,61,5,2034.31
13738,32,1,440.93
13739,163,1,75.3
13740,51,4,1239.02
13745,182,1,477.32
13746,49,1,176.69
13747,9,2,169.79999999999998
13748,9,5,1316.1
13750,16,6,1954.92
13752,163,1,404.45000000000005
13753,234,3,1353.31
13754,73,1,164.45000000000002
13756,3,10,3898.1800000000003
13757,310,1,195.55
13758,2,10,6138.54
13760,40,3,1076.85
13761,138,4,881.52
13762,229,4,2085.12
13763,53,2,3467.92
13764,205,3,1431.5
13765,289,1,342.821
13766,131,1,190.35
13767,5,39,18273.77
13768,362,2,875.97
13769,3,11,3003.9100000000003
13770,58,4,769.37
13771,169,5,3082.37
13772,36,5,1875.09
13773,32,2,301.54
13775,226,1,1049.66
13776,64,2,29.9
13777,2,37,25899.62
13778,127,3,945.79
13779,151,1,161.13
13780,43,1,375.81
13781,228,2,650.99
13782,89,7,871.72
13783,123,4,787.56
13784,70,3,447.44
13785,64,4,542.49
13786,3,6,3128.54
13787,94,4,909.46
13788,141,1,3.75
13789,24,1,239.45999999999998
13792,58,1,188.4
13793,282,1,96.0
13794,182,1,126.03
13795,24,4,755.66
13796,135,1,289.7
13797,72,3,1179.45
13798,8,54,37821.26
13799,80,7,2080.15
13800,66,2,1121.24
13802,10,16,20990.01
13803,67,2,1061.84
13804,71,2,572.73
13807,3,3,412.2
13809,30,2,455.05
13813,163,4,1368.11
13814,163,1,678.2
13815,42,4,3153.61
13818,65,1,61.28
13819,305,3,1502.0
13820,54,3,660.65
13821,29,4,990.09
13823,16,5,2351.79
13824,15,7,1615.82
13825,257,2,255.59
13829,57,1,102.0
13830,217,1,152.85000000000002
13831,5,13,4820.59
13832,58,1,561.49
13833,40,1,316.56
13834,212,2,322.19
13835,155,3,260.7
13836,35,2,620.37
13838,5,7,1274.3600000000001
13839,122,1,139.95000000000002
13840,52,1,651.4
13842,2,10,2216.29
13843,17,1,319.75
13846,35,1,442.73
13847,355,1,309.72
13848,2,6,276.48
13849,33,3,1930.35
13851,15,5,1955.0
13852,246,1,187.35000000000002
13854,1,15,4121.24
13855,136,4,1310.3400000000001
13856,99,8,753.53
13857,29,6,996.01
13859,165,1,306.7
13861,65,2,273.26
13862,25,1,346.73
13863,101,3,933.77
13864,22,1,496.8
13869,17,6,4985.62
13870,23,7,2941.14
13871,64,4,1482.6
13872,163,3,915.57
13873,19,5,647.32
13874,140,6,1508.7
13875,23,9,2747.53
13877,106,2,332.44
13878,183,3,1191.53
13879,281,1,395.5
13880,3,5,1171.89
13881,11,23,26068.54
13883,39,10,3878.54
13884,12,5,1100.88
13888,40,5,1561.42
13889,18,5,1574.3300000000002
13890,10,4,1043.57
13891,14,3,858.5600000000001
13892,113,2,289.08
13895,151,2,1331.45
13896,261,1,388.55
13897,74,2,849.56
13898,47,1,530.47
13900,25,3,869.64
13901,10,10,2765.14
13902,268,5,2155.54
13903,36,1,165.45000000000002
13905,368,1,312.65
13906,45,1,42.0
13907,327,1,136.8
13909,59,2,286.6
13911,15,11,1652.08
13912,59,1,124.95
13913,142,1,41.22
13915,30,1,70.80000000000001
13916,99,4,1155.76
13919,60,2,963.67
13920,67,4,1774.68
13921,38,4,728.7
13922,73,2,692.95
13927,73,1,359.27
13929,52,9,2547.77
13931,28,9,3957.37
13935,232,3,6070.52
13936,18,2,553.08
13937,38,1,721.28
13939,67,4,992.41
13941,8,11,5927.7
13942,170,1,46.08
13943,213,1,246.54
13944,289,1,200.43
13945,30,2,854.15
13946,12,3,932.74
13948,47,3,446.76
13952,16,12,9572.45
13953,45,5,900.0
13955,11,1,222.21
13957,53,3,458.25
13958,15,8,4703.2300000000005
13959,35,3,477.98
13961,28,1,538.4
13962,71,1,193.25
13963,3,14,2323.33
13964,23,2,438.9
13965,112,3,996.61
13966,71,1,330.38
13967,32,1,85.6
13968,59,1,123.66
13969,1,18,4261.93
13970,22,2,776.95
13971,59,6,1908.31
13974,218,1,264.13
13975,29,6,2832.56
13976,142,3,834.38
13977,47,1,519.8100000000001
13979,29,6,2539.36
13980,75,4,597.78
13981,51,1,331.14
13982,1,6,2573.7799999999997
13983,2,10,4505.02
13984,2,8,1128.09
13985,10,7,2956.73
13987,15,2,682.54
13988,19,2,609.84
13989,100,3,759.98
13992,16,2,142.7
13993,15,10,3309.35
13995,15,9,2504.32
13996,22,2,860.71
13997,155,3,381.31
13998,82,3,556.7
13999,10,17,5600.45
14000,50,4,1410.68
14001,9,7,2487.01
14003,368,1,209.41
14004,29,4,1675.81
14006,164,4,1234.48
14007,148,1,79.48
14008,68,1,509.04
14009,98,1,404.3
14010,201,2,445.15
14011,116,2,457.82
14013,16,2,611.5500000000001
14014,12,2,1425.11
14016,32,7,7006.15
14017,207,1,229.75
14018,281,1,367.15000000000003
14020,112,2,606.21
14021,10,4,1080.68
14022,122,1,352.15000000000003
14024,26,1,318.04
14025,100,8,3927.9
14026,106,2,713.11
14028,186,3,1879.1999999999998
14030,2,14,5481.05
14031,1,27,23437.91
14032,2,6,1848.76
14033,191,1,27.36
14035,42,4,1428.7
14037,114,4,689.75
14038,33,2,1509.5
14039,211,1,115.08000000000001
14040,22,23,9025.65
14042,361,1,431.98
14043,127,2,304.25
14044,54,6,2397.8
14045,9,13,8875.86
14047,8,10,2946.42
14048,18,2,313.76
14049,23,9,7352.26
14051,2,15,6823.610000000001
14052,26,1,253.45
14053,33,2,312.05
14055,213,2,795.3199999999999
14057,17,5,2190.88
14058,98,2,469.19
14060,2,13,3378.66
14061,143,3,898.4300000000001
14062,10,12,14869.95
14063,74,9,8523.72
14064,66,10,1864.92
14065,25,3,891.02
14068,239,3,1262.52
14069,150,2,228.06
14070,320,1,311.55
14072,302,1,390.85
14074,259,1,219.39999999999998
14075,39,3,767.61
14077,31,1,115.66
14078,9,4,643.26
14079,318,1,14.95
14080,49,4,871.08
14081,5,9,4420.58
14082,28,1,231.10999999999999
14083,7,3,386.83
14084,148,1,150.5
14085,4,16,5656.38
14086,98,1,14.95
14087,40,2,647.8
14088,42,3,13154.99
14091,290,2,5460.08
14092,10,10,3152.54
14094,75,1,335.22
14095,358,1,2.95
14097,117,2,422.85999999999996
14099,11,9,2661.54
14101,24,7,3821.58
14104,25,3,555.37
14105,44,4,4722.6
14106,373,1,214.79999999999998
14107,84,4,2174.07
14108,367,2,447.05
14110,71,21,7304.8
14112,87,6,2919.44
14113,11,12,5161.39
14114,31,5,977.5600000000001
14115,137,2,622.6700000000001
14118,64,1,458.45
14119,11,2,183.37
14122,42,3,362.42
14123,369,1,436.18
14126,80,1,466.33000000000004
14127,16,3,1163.3700000000001
14128,187,1,286.71
14129,35,4,1467.48
14130,11,3,1393.81
14131,284,1,187.87
14133,369,1,249.5
14134,18,15,10993.3
14135,3,11,4637.21
14136,36,5,1570.81
14137,331,1,332.7
14139,126,3,670.98
14142,9,2,671.34
14144,122,1,30.599999999999998
14145,95,3,3857.85
14146,19,7,5234.1
14147,24,7,2106.8
14148,50,1,309.09000000000003
14151,309,2,679.45
14152,23,5,1376.05
14153,119,1,233.4
14154,17,6,5099.08
14156,7,102,149914.66
14157,25,3,569.9
14159,15,9,3144.3
14160,246,7,8309.57
14161,5,5,2208.36
14163,98,1,148.71
14166,141,2,256.85
14167,100,4,721.65
14168,56,2,370.45
14169,66,2,621.4300000000001
14170,11,3,589.33
14171,366,1,135.0
14172,241,3,400.72
14173,277,2,135.16
14175,54,5,4444.58
14176,3,2,339.11
14177,17,9,1669.93
14180,8,9,1217.73
14181,46,2,310.55
14182,79,4,678.77
14183,47,2,286.29
14186,63,5,1550.63
14187,109,1,123.5
14189,4,2,1107.31
14190,302,1,29.9
14191,30,2,132.9
14192,24,1,293.74
14193,32,1,356.8
14194,28,15,7321.07
14195,75,4,1266.2
14197,46,1,388.05
14198,36,5,853.33
14199,59,3,906.3
14200,253,1,379.2
14201,45,3,446.1
14202,17,3,764.76
14203,33,1,339.34
14204,58,3,901.9300000000001
14205,30,7,1947.5
14206,24,2,856.85
14207,323,1,157.8
14208,187,1,415.31
14209,21,9,2882.84
14210,7,11,3953.6800000000003
14211,47,9,2161.19
14212,81,1,1119.6599999999999
14213,40,1,1192.2
14215,4,4,1570.61
14216,50,1,310.74
14217,2,7,1395.91
14219,45,2,543.89
14220,203,2,882.5999999999999
14221,85,8,3084.69
14224,26,5,736.73
14225,70,4,2037.02
14226,77,1,770.34
14227,50,5,3017.75
14228,73,3,720.5
14229,39,4,1021.84
14230,71,3,979.8000000000001
14231,86,1,309.91
14233,101,3,1418.35
14235,134,4,1573.1299999999999
14236,8,4,1253.78
14237,9,2,467.14
14238,298,2,287.38
14239,67,10,1882.3200000000002
14240,59,1,353.15
14241,332,1,120.0
14243,1,8,4819.28
14244,296,1,305.94
14247,40,4,635.89
14248,95,2,730.37
14249,46,12,5585.461
14252,17,1,160.89
14253,129,2,363.40000000000003
14254,68,1,601.03
14255,182,1,14.95
14256,127,3,1495.93
14257,16,4,2854.73
14258,31,16,18180.4
14260,107,3,822.28
14263,59,1,322.93
14264,15,4,1152.39
14265,100,2,843.17
14266,64,1,40.56
14268,106,1,354.85
14269,75,1,295.73
14271,45,1,106.81
14272,198,2,482.85
14274,322,1,256.6
14275,31,6,1189.3799999999999
14276,43,4,982.94
14277,47,6,1761.1
14278,45,1,205.83
14279,156,2,191.86
14281,44,1,245.15
14282,3,11,4120.32
14283,99,4,628.4399999999999
14284,289,1,702.4
14285,149,4,1374.41
14286,40,4,3820.77
14290,49,3,2201.91
14291,16,12,4012.85
14292,46,7,4354.32
14293,4,6,2215.37
14294,43,1,375.34
14295,74,4,2196.71
14296,57,2,456.40000000000003
14298,11,38,38408.87
14299,1,19,10496.43
14301,52,3,1331.88
14302,66,3,742.9000000000001
14303,43,2,277.94
14304,15,2,1341.56
14306,14,4,1020.0
14307,9,5,2075.31
14308,185,2,29.9
14309,49,2,1426.28
14310,68,1,492.1
14311,203,1,206.19
14312,14,5,1422.7
14314,66,1,109.80000000000001
14315,200,2,716.69
14316,58,5,856.26
14318,96,1,158.02
14319,60,1,494.85
14320,182,3,858.96
14321,67,2,685.3100000000001
14322,65,4,474.1
14324,45,2,701.61
14325,205,1,245.48000000000002
14326,99,2,757.13
14327,18,5,1583.28
14328,74,1,14.95
14329,11,8,4859.38
14330,259,1,200.63
14332,17,2,1077.2
14334,61,4,1766.27
14338,172,1,339.88
14339,64,1,310.75
14341,56,10,2281.04
14342,68,2,247.88
14343,57,4,1088.91
14344,3,14,2443.77
14346,61,3,1294.17
14347,372,1,82.6
14350,16,2,658.1
14353,46,2,285.9
14355,1,3,840.0500000000001
14358,25,2,400.06
14361,214,1,214.70999999999998
14363,38,2,227.47000000000003
14365,30,2,634.68
14366,161,1,136.0
14369,278,2,469.13
14370,86,6,1097.78
14372,79,2,860.08
14374,177,1,107.0
14375,86,2,860.31
14376,319,1,215.46
14378,257,1,131.25
14379,29,2,891.81
14380,318,1,14.95
14381,87,1,428.65999999999997
14382,26,1,620.73
14384,136,1,58.5
14388,8,9,3488.16
14389,60,3,854.55
14390,8,5,1747.01
14391,212,1,135.6
14392,68,1,266.4
14394,200,1,93.8
14395,8,12,4700.3
14396,7,6,1633.94
14398,37,2,707.79
14399,30,8,2113.16
14400,44,2,1123.21
14401,60,9,2744.42
14402,288,1,285.6
14403,225,2,404.7
14404,5,8,1357.79
14405,22,1,195.0
14408,107,4,1503.2400000000002
14409,4,5,1696.64
14410,12,2,1546.07
14412,60,1,656.16
14413,46,3,319.82
14414,10,1,849.35
14415,15,10,6149.32
14417,23,1,604.2
14419,18,1,202.85
14420,32,3,1245.65
14421,148,4,1656.26
14422,10,13,5983.88
14423,73,2,651.41
14425,70,3,661.39
14426,39,7,7025.27
14427,130,2,620.13
14429,39,1,516.28
14430,147,3,1220.9
14431,15,3,2143.84
14433,101,1,289.6
14435,137,1,90.42
14436,189,1,182.64000000000001
14437,1,5,891.84
14439,79,4,6701.8
14440,1,9,4281.05
14441,10,7,2888.8
14442,50,5,3373.1
14443,4,2,966.27
14444,92,1,132.04
14445,91,1,221.65
14446,22,1,201.73
14447,36,1,548.5
14449,8,5,1575.7
14450,15,4,645.19
14451,25,10,2632.18
14452,31,2,401.15
14454,12,5,975.3
14455,68,4,628.21
14458,16,1,237.42
14459,287,1,3537.821
14460,32,6,640.62
14461,18,10,4593.44
14462,68,1,260.99
14463,135,1,256.95
14464,204,2,111.0
14465,64,8,2580.21
14466,8,7,2374.5
14467,25,8,1622.23
14468,369,1,204.24
14469,52,4,2100.21
14470,66,1,250.85
14471,227,2,400.95
14472,325,1,290.38
14474,215,1,730.42
14475,44,1,225.3
14477,72,3,660.0
14478,18,4,1271.66
14479,1,3,981.86
14480,38,3,1019.47
14481,43,3,1674.98
14482,15,6,2289.76
14483,372,1,120.0
14484,37,3,749.0600000000001
14486,147,2,175.5
14487,4,2,257.28000000000003
14489,73,3,1104.55
14490,42,2,1273.47
14491,8,1,127.2
14492,66,7,1921.91
14493,26,5,2666.91
14494,37,2,261.9
14495,295,1,51.0
14496,9,6,2112.42
14497,309,1,221.69
14498,37,5,1868.6
14499,10,4,1323.65
14505,40,11,6085.1
14506,5,3,1278.5
14507,14,5,1893.25
14508,12,3,598.52
14509,170,1,110.95
14510,11,3,1007.28
14512,19,5,948.19
14513,72,3,332.42
14514,72,6,3543.63
14515,23,6,1647.17
14516,152,1,163.92
14519,319,2,206.09
14521,127,1,199.45000000000002
14522,231,4,784.08
14524,45,4,1060.03
14525,64,8,3908.44
14526,25,1,262.4
14527,1,69,18757.48
14530,32,10,3251.4900000000002
14531,115,1,376.34
14532,47,7,2926.33
14533,43,4,1338.09
14534,33,8,1805.06
14535,31,6,3165.54
14537,259,1,285.84000000000003
14538,166,3,796.59
14540,15,8,2789.08
14541,52,6,1038.03
14543,16,23,11085.76
14544,106,1,957.98
14545,310,1,349.25
14546,12,6,2615.81
14548,120,7,1974.69
14549,56,3,627.3100000000001
14550,24,2,587.69
14551,47,5,693.81
14552,16,2,346.21
14553,47,4,982.27
14555,17,4,1991.49
14556,232,3,835.34
14558,290,3,643.5
14559,26,1,75.6
14560,15,22,3755.2999999999997
14562,26,8,1654.63
14563,145,2,676.44
14564,70,2,2597.62
14565,109,1,760.1
14566,53,3,2198.0
14568,71,1,919.7
14569,88,3,371.59
14570,79,1,395.69
14571,61,1,161.65
14572,53,4,2778.34
14573,8,5,952.0
14574,368,1,143.70000000000002
14575,124,1,460.71
14576,8,1,35.400000000000006
14577,30,3,514.54
14579,68,1,105.56
14580,154,1,14.850000000000001
14581,180,1,295.2
14583,19,3,728.48
14584,57,4,705.65
14585,18,4,986.22
14588,214,1,135.39
14589,7,1,39.75
14590,60,20,3006.62
14593,33,9,3094.02
14594,9,1,255.0
14595,89,2,423.85
14596,262,1,204.47
14597,15,4,1318.3899999999999
14598,205,1,162.07
14599,26,2,474.54
14600,29,1,471.84000000000003
14602,292,1,205.35999999999999
14604,269,1,143.85999999999999
14605,10,4,932.16
14606,2,102,18553.15
14607,103,8,7229.85
14608,15,7,1567.79
14609,26,6,256.32
14610,31,2,24.35
14611,79,2,600.3299999999999
14612,51,1,877.7
14613,316,1,76.32000000000001
14614,22,1,295.13
14615,30,5,951.76
14616,21,2,121.7
14617,38,2,190.47000000000003
14618,12,4,784.88
14619,177,1,895.8000000000001
14621,147,4,1212.21
14623,16,5,1170.33
14624,51,4,588.22
14625,10,9,3590.25
14626,31,7,2619.65
14627,15,1,462.75
14628,78,3,1326.04
14630,120,1,338.65
14631,22,3,993.71
14634,73,4,2122.46
14635,89,1,215.22
14637,313,1,106.67999999999999
14639,44,3,1985.47
14640,45,4,1541.98
14643,253,3,906.08
14644,50,5,1412.96
14645,270,1,279.8
14646,10,78,200143.36
14647,159,1,251.75
14648,52,15,4443.18
14649,18,5,2355.02
14650,224,1,62.5
14651,30,7,1322.47
14653,149,5,1496.63
14654,374,1,246.86
14655,24,3,1946.28
14656,51,3,523.6
14657,65,2,612.65
14662,63,3,637.16
14663,66,2,486.6
14665,63,2,913.95
14667,1,31,12611.54
14668,81,1,111.63
14669,269,4,1973.94
14670,368,1,190.47
14671,185,2,1124.45
14672,151,2,347.59
14673,3,3,1674.41
14674,145,1,173.66
14675,24,1,460.15
14676,30,6,5564.47
14677,228,1,184.91
14678,215,1,401.39
14679,17,3,1289.44
14680,7,43,28657.66
14681,23,3,376.20000000000005
14682,64,4,1458.81
14683,224,1,146.56
14684,26,1,230.27
14685,212,8,4614.79
14686,50,5,885.83
14687,36,2,773.6800000000001
14688,9,8,2082.7
14690,28,2,420.63
14692,16,8,1153.54
14693,61,6,992.46
14694,253,1,244.31
14695,155,3,1620.07
14696,9,2,688.95
14699,71,3,593.47
14700,51,2,880.96
14701,78,6,2006.72
14702,1,13,3416.08
14704,60,2,266.66
14706,254,1,390.69
14707,71,2,139.2
14708,4,3,951.79
14709,15,12,3940.29
14710,15,9,1316.46
14712,54,1,411.0
14713,1,11,2752.5099999999998
14714,43,3,746.05
14715,78,4,901.97
14716,80,1,235.77
14717,369,1,81.3
14718,46,1,226.42
14721,15,1,115.77
14722,113,2,325.45
14723,7,7,934.76
14724,226,1,335.25
14725,30,3,597.16
14726,290,1,124.75
14727,182,2,199.35
14728,49,1,190.58
14729,9,3,593.89
14732,28,11,2804.58
14733,3,4,6599.06
14734,61,4,1055.42
14735,24,24,6168.47
14736,121,2,399.08
14737,36,1,2389.62
14738,196,2,502.45
14739,3,19,8159.78
14740,45,8,2680.85
14741,8,2,497.25
14742,71,1,579.85
14743,228,1,50.48
14744,2,8,2547.08
14745,137,7,1351.55
14746,42,4,593.5
14748,4,7,1736.57
14749,115,1,310.15
14750,372,1,112.03
14751,320,2,126.45
14753,96,1,306.36
14754,61,4,912.4300000000001
14755,17,14,4951.27
14756,18,2,1865.75
14758,32,3,1364.91
14761,80,1,192.02
14762,262,1,117.05000000000001
14766,2,6,4082.76
14767,110,1,382.81
14769,26,9,5097.13
14770,103,6,2761.2200000000003
14771,257,2,594.62
14773,228,1,140.55
14774,164,1,240.45
14775,8,1,406.56
14776,23,4,1170.0
14777,39,1,299.56
14783,295,1,307.3
14784,25,1,159.94
14786,186,1,90.96
14787,107,1,110.65
14788,232,1,476.88
14790,10,6,1756.56
14791,242,1,303.63
14793,171,1,396.91
14794,38,3,386.99
14796,2,11,2865.15
14797,143,1,300.31
14798,17,5,550.5699999999999
14799,373,1,166.05
14800,5,6,3233.32
14802,74,2,29.9
14805,40,3,549.99
14806,75,1,110.03999999999999
14807,26,2,519.29
14809,257,2,686.76
14810,5,3,449.14
14811,23,1,170.5
14812,234,1,185.8
14813,5,4,919.44
14814,217,1,160.46
14817,31,5,2674.27
14818,94,3,512.61
14819,130,2,197.09
14820,16,5,702.47
14821,2,7,1237.65
14822,121,1,157.70000000000002
14824,15,6,2895.2000000000003
14825,4,13,2674.05
14826,217,2,385.2
14828,24,10,6987.14
14829,8,4,995.29
14831,316,3,1676.57
14832,266,1,14.95
14833,134,1,94.8
14834,43,1,481.86
14835,164,2,297.0
14837,78,5,1810.82
14838,59,2,773.6700000000001
14839,54,3,915.28
14840,175,1,299.86
14841,10,8,3867.2400000000002
14843,72,1,211.79999999999998
14844,66,6,3502.7200000000003
14845,235,1,36.0
14846,63,1,437.4
14847,43,2,1039.55
14848,40,1,310.56
14849,9,21,7828.91
14850,53,6,1464.26
14851,266,1,318.06
14852,60,12,3310.4900000000002
14853,59,3,893.0699999999999
14854,26,4,1561.03
14855,110,5,5874.65
14857,78,5,2478.731
14858,141,1,180.75
14859,190,1,351.9
14861,16,9,1254.94
14865,8,3,77.52000000000001
14866,2,8,6378.72
14867,31,13,2171.78
14868,16,4,1230.42
14869,24,4,2078.54
14870,49,5,1511.7
14871,129,5,731.59
14872,119,3,816.6
14873,269,1,334.45
14874,171,1,116.18
14875,77,1,1328.08
14876,157,2,256.7
14877,54,2,437.0
14878,12,16,2619.7000000000003
14879,320,1,185.06
14882,26,12,3038.4500000000003
14884,305,1,120.6
14885,63,2,832.8
14890,254,2,691.6
14891,52,2,552.35
14892,326,1,202.35000000000002
14893,253,1,571.76
14894,79,2,837.0600000000001
14895,19,18,13591.5
14896,1,7,1618.65
14897,45,4,1770.16
14898,7,9,2204.29
14899,31,1,1334.88
14900,158,1,13.919999999999998
14901,2,5,868.36
14902,31,2,702.96
14904,44,2,615.2
14905,10,6,1355.24
14906,81,1,14.95
14907,3,10,2664.69
14908,99,1,104.10000000000001
14909,73,3,1404.68
14911,1,205,140225.79
14912,37,4,996.68
14913,24,4,2820.7
14915,11,9,1502.77
14916,67,4,1773.97
14917,232,2,1108.63
14918,40,7,4345.66
14919,175,1,359.35
14920,201,1,629.4
14922,29,2,843.74
14924,246,2,555.96
14926,17,2,359.4
14927,32,1,308.2
14928,263,1,223.91000000000003
14929,57,1,612.8100000000001
14930,106,3,2680.77
14932,1,2,596.03
14933,79,4,1309.8
14934,14,3,1538.46
14935,255,1,1065.12
14936,26,4,4210.79
14938,198,2,2306.43
14940,53,2,531.49
14941,214,1,182.1
14942,37,4,746.56
14943,299,1,107.62
14944,25,7,3802.32
14945,49,1,179.4
14947,24,4,744.97
14949,105,4,515.0
14952,32,21,9527.86
14953,54,3,723.95
14954,339,1,167.27
14955,368,1,163.77
14956,57,1,305.28000000000003
14957,280,1,274.8
14958,231,3,456.26
14961,15,13,9365.47
14962,175,3,240.21000000000004
14963,15,7,1676.68
14966,23,5,924.5200000000001
14967,77,5,1518.81
14968,94,1,353.4
14969,339,1,906.23
14970,45,8,3327.29
14972,17,1,30.300000000000004
14975,57,1,192.45
14977,361,1,31.929999999999996
14978,66,5,1203.72
14979,371,1,439.46
14980,373,1,150.68
14981,59,1,270.8
14982,208,1,237.78
14983,325,1,183.20000000000002
14984,24,4,1058.1399999999999
14986,12,2,566.9
14987,1,7,1387.4499999999998
14988,16,6,1732.06
14989,297,1,342.4
14990,248,2,305.42
14991,66,1,314.67
14992,78,1,210.5
14993,199,1,36.13
14994,18,5,956.63
14996,117,2,442.28999999999996
14997,291,1,230.4
14998,64,2,340.86
14999,228,1,129.48000000000002
15001,30,2,228.86
15002,3,6,3170.52
15003,109,6,1060.7
15005,2,29,7789.63
15006,89,1,321.05
15008,116,2,288.0
15011,31,2,416.6
15012,9,2,437.58
15013,123,10,1641.3
15015,137,13,2365.02
15016,29,4,460.26
15018,3,1,111.25
15020,15,1,203.42
15021,2,4,869.01
15022,313,1,281.05
15023,5,10,5328.92
15024,3,8,2406.18
15025,204,1,636.08
15026,11,2,592.61
15027,31,6,1864.6100000000001
15028,4,3,530.58
15029,255,1,365.1
15030,16,6,1406.75
15031,30,10,2486.44
15032,2,7,7712.75
15034,22,6,3925.47
15037,12,2,402.51
15038,5,4,602.37
15039,4,47,19780.75
15040,177,1,7.49
15041,80,1,113.67
15042,231,1,179.52
15043,99,5,2336.7999999999997
15044,15,18,8294.31
15046,61,10,2594.62
15048,4,1,98.7
15050,57,2,2411.7
15051,15,6,2467.95
15055,110,3,555.07
15056,156,1,133.45
15057,79,3,1766.46
15058,12,5,1285.04
15059,12,10,2181.85
15061,3,86,71708.26
15062,59,4,1585.1200000000001
15064,46,4,1184.31
15065,46,1,168.73
15067,49,2,2048.12
15068,54,2,623.49
15070,8,3,735.0500000000001
15071,22,2,473.49
15072,115,1,187.51999999999998
15073,36,5,1732.61
15074,65,2,817.46
15076,128,2,566.89
15077,130,2,2428.08
15078,4,23,8018.77
15079,1,8,2857.74
15080,63,2,546.25
15081,3,8,1442.92
15082,304,1,93.35000000000001
15084,15,2,965.2
15085,365,1,347.54
15086,200,2,218.53
15091,310,2,565.9
15092,98,1,318.65
15093,8,18,9521.25
15094,99,2,83.0
15095,56,6,1769.04
15097,219,2,660.27
15100,2,6,2018.6999999999998
15101,151,4,1030.41
15102,166,2,554.67
15105,66,2,795.98
15107,8,4,620.85
15109,215,2,498.15000000000003
15110,39,2,434.75
15111,8,3,1163.39
15112,247,1,209.4
15114,19,2,631.56
15115,368,1,191.74
15117,84,3,820.27
15122,58,8,2863.69
15123,57,3,2456.86
15124,112,2,266.63
15125,115,9,5427.39
15126,172,2,445.49
15127,155,1,279.97
15128,66,1,312.68
15129,21,12,3412.78
15131,30,1,80.28
15133,18,2,824.48
15134,17,2,208.3
15135,192,1,164.63
15137,156,2,823.4
15138,29,1,477.52
15140,78,1,889.44
15141,93,7,1388.47
15142,46,5,2121.18
15143,68,1,304.18
15144,15,12,5579.87
15149,212,4,822.66
15150,92,3,3686.61
15151,59,2,1513.51
15152,337,1,518.14
15154,114,2,1091.99
15155,19,1,383.96999999999997
15157,205,2,713.56
15158,37,1,54.57
15159,31,4,3463.7200000000003
15160,10,3,431.11
15161,24,1,119.92
15162,367,1,312.9
15164,25,6,1225.8700000000001
15165,9,1,483.75
15166,103,1,167.16
15167,43,4,1479.67
15169,18,2,569.22
15170,42,1,81.15
15173,16,7,1494.6
15174,46,1,345.71
15176,303,1,938.04
15177,61,1,948.93
15179,28,8,5263.97
15180,3,3,816.9300000000001
15181,56,2,510.72
15182,21,9,2376.1020000000003
15183,183,3,639.93
15184,23,2,283.19
15186,110,3,991.7900000000001
15188,361,1,310.43
15189,17,5,1298.99
15190,70,1,829.4399999999999
15191,99,3,588.05
15192,1,3,937.07
15194,4,14,4811.16
15196,68,2,316.25
15197,30,3,797.9
15198,44,3,377.71
15199,10,6,1853.7
15200,130,1,549.05
15201,75,2,606.4100000000001
15202,56,3,44.849999999999994
15203,26,9,2572.38
15207,52,3,683.9200000000001
15208,59,1,100.4
15209,366,1,178.98000000000002
15210,14,2,841.01
15211,1,1,383.07
15212,12,1,106.47999999999999
15215,29,4,1687.49
15216,254,1,389.49
15217,199,1,426.24
15218,25,11,5585.28
15219,284,1,379.7
15221,2,4,1910.2
15222,108,10,2929.43
15223,245,3,662.2
15224,148,3,549.28
15227,32,4,1267.0900000000001
15228,64,2,2193.56
15229,222,1,160.5
15231,257,1,250.26
15233,37,1,59.400000000000006
15235,5,6,686.3000000000001
15240,10,7,2751.41
15241,66,3,1286.16
15242,58,1,302.04
15243,71,1,608.6
15244,302,1,223.51000000000002
15245,38,5,2095.0
15246,191,1,266.25
15247,113,2,620.06
15248,47,3,1893.93
15249,66,5,2551.54
15250,276,1,60.0
15251,50,10,9580.33
15252,57,3,1362.63
15253,39,3,1132.89
15254,182,2,787.99
15255,32,8,2824.57
15256,197,1,71.95
15257,50,1,108.65
15259,148,4,902.33
15260,8,20,7251.06
15261,17,3,1249.18
15262,16,2,239.87
15264,166,1,454.66
15265,240,2,1839.52
15266,15,4,732.91
15268,114,3,961.9000000000001
15269,16,2,816.56
15270,36,14,5625.17
15271,1,10,2196.47
15272,86,4,1216.49
15273,235,1,152.64000000000001
15276,30,3,512.22
15277,61,1,220.44
15278,197,4,496.15999999999997
15279,16,4,1290.03
15280,124,2,288.09999999999997
15281,14,7,6105.42
15282,206,1,348.59
15283,26,3,144.33
15284,136,1,24.75
15285,43,1,94.92
15287,15,3,331.26
15288,1,6,1576.6100000000001
15289,94,2,653.3100000000001
15290,29,8,2549.06
15291,9,26,9072.98
15293,301,1,247.5
15294,46,1,233.35
15295,290,1,217.23999999999998
15296,56,6,6669.97
15298,2,12,4659.47
15299,8,6,2288.25
15301,4,6,2533.09
15302,366,1,306.0
15303,201,2,649.16
15304,4,2,225.15
15305,191,1,93.6
15306,136,6,1999.34
15309,246,4,797.96
15310,114,1,1608.72
15311,1,121,54976.26
15312,19,8,2005.3400000000001
15314,49,2,492.47999999999996
15317,313,1,129.75
15321,73,9,3958.42
15322,112,1,646.18
15323,198,3,434.6
15324,337,1,140.22000000000003
15325,31,7,1439.72
15326,245,4,1367.81
15328,43,1,107.24
15329,10,8,1933.63
15331,135,3,767.91
15332,2,6,4892.68
15336,37,1,240.5
15337,47,1,373.02
15338,313,1,283.43
15339,57,5,1253.77
15340,197,1,105.5
15341,85,1,382.2
15346,61,2,343.7
15347,2,4,1162.0
15350,9,2,547.6
15351,5,4,1778.18
15352,184,1,114.95
15353,3,6,2398.93
15354,239,3,44.849999999999994
15356,4,4,698.45
15358,1,22,8598.92
15359,298,8,181.35
15361,162,3,205.15
15362,84,2,613.08
15363,8,2,678.11
15365,39,6,2234.81
15366,45,5,1786.57
15367,54,7,3201.74
15368,30,1,245.8
15369,128,11,6129.58
15370,46,1,1352.96
15371,298,1,59.400000000000006
15372,86,7,3182.14
15373,7,6,990.48
15374,260,1,139.32
15375,326,1,60.959999999999994
15377,18,4,1211.75
15378,98,2,246.5
15379,36,1,1170.55
15380,1,7,1788.8
15381,59,3,1052.92
15382,10,6,7777.84
15384,17,2,1385.38
15385,28,2,625.2
15387,128,1,468.65
15389,36,4,660.96
15390,32,2,1216.66
15391,220,1,289.87
15392,10,3,1352.0900000000001
15393,203,3,659.48
15394,31,7,3103.26
15396,219,1,508.20000000000005
15400,56,3,585.1
15401,88,2,216.95000000000002
15402,23,4,1203.77
15403,127,2,170.88
15404,11,1,257.06
15405,212,1,306.74
15406,89,2,465.15999999999997
15409,357,1,131.25
15410,204,2,1234.88
15413,327,5,6333.6
15416,114,3,588.5
15418,61,2,452.32
15420,70,6,743.0
15421,21,6,2849.98
15422,15,5,1520.27
15423,217,2,222.39
15424,99,1,214.44
15425,36,4,1944.57
15426,5,5,1168.0
15428,23,3,643.97
15430,103,2,954.75
15431,138,1,153.24
15432,177,1,149.57
15434,10,6,1525.5800000000002
15437,276,1,193.29000000000002
15439,40,4,1269.05
15441,32,3,1254.21
15443,110,7,1934.02
15445,226,1,171.0
15446,12,3,406.95
15447,163,4,337.71000000000004
15448,310,1,294.17
15451,70,2,233.21
15452,26,3,1260.38
15454,254,1,128.59
15455,233,1,38.25
15456,39,7,1670.05
15458,38,1,208.79999999999998
15459,53,2,202.82999999999998
15461,96,2,429.7
15462,81,1,502.45
15465,5,15,5301.03
15466,25,3,1236.48
15468,28,1,894.49
15469,74,1,333.7
15470,211,1,63.419999999999995
15471,16,2,847.0799999999999
15473,80,1,274.8
15474,231,1,163.1
15476,16,4,2209.98
15477,285,1,368.4
15478,211,1,583.56
15479,369,1,147.4
15480,101,4,2716.65
15481,37,1,1993.34
15482,22,7,3465.6
15483,21,6,628.39
15484,176,2,1061.69
15485,9,5,3196.51
15486,163,1,102.0
15487,315,1,231.32
15488,92,4,340.6
15489,36,5,1285.3300000000002
15490,66,1,217.6
15493,25,4,2309.18
15494,114,3,2470.7400000000002
15495,15,1,246.5
15496,267,1,146.14000000000001
15497,18,7,7389.19
15498,2,19,12578.18
15499,359,1,161.6
15501,40,2,402.5
15502,4,5,3567.74
15503,362,1,120.06
15504,156,3,371.02
15506,17,3,1060.77
15509,16,1,166.51
15512,26,2,210.58
15513,1,18,12357.19
15514,15,7,2355.41
15515,23,1,171.81
15518,15,7,2275.4900000000002
15519,19,2,344.61
15521,36,8,4082.44
15523,24,15,15222.32
15524,242,1,151.4
15525,9,2,469.78
15527,30,15,3138.86
15529,2,2,1116.72
15530,148,1,307.37
15532,12,6,2188.9700000000003
15534,361,1,162.25
15535,40,2,551.42
15536,45,1,259.09
15538,173,6,2162.3
15540,11,1,247.38
15542,148,3,918.45
15543,95,1,114.98
15544,8,12,4615.72
15545,7,1,135.32999999999998
15546,242,2,1079.1000000000001
15547,12,12,5152.55
15548,231,1,152.09
15549,57,5,652.7
15550,14,8,1523.17
15551,30,6,1274.02
15552,259,1,162.4
15555,1,22,7247.0
15558,275,1,212.13
15559,204,1,1109.4
15560,33,2,153.52
15561,19,4,1133.8
15562,60,2,538.83
15563,150,3,1459.0
15564,99,2,70.74000000000001
15566,28,2,227.87
15569,26,5,2205.64
15570,5,14,5043.52
15571,22,10,3274.44
15572,16,3,1505.81
15573,254,3,599.73
15574,8,3,816.4499999999999
15575,255,1,30.1
15577,359,2,139.1
15579,19,3,951.9
15580,12,8,1375.19
15581,2,26,4107.62
15583,12,1,107.86
15584,35,2,550.39
15586,228,3,1078.62
15587,28,3,608.4000000000001
15588,313,1,579.6
15590,18,5,1496.6
15591,218,3,217.9
15595,123,1,357.6
15596,1,5,1723.45
15597,211,1,238.8
15598,63,1,307.34
15599,81,1,488.32
15600,64,4,1199.31
15601,8,17,8183.56
15602,4,8,1932.64
15603,284,1,40.0
15605,9,5,713.57
15606,26,8,2310.83
15607,179,8,1604.21
15608,51,1,692.3
15611,19,13,1405.83
15613,246,1,393.48
15614,73,4,3147.36
15615,26,24,10965.23
15616,74,1,292.11
15617,32,3,828.5500000000001
15620,45,1,389.18
15622,63,8,4131.05
15623,29,7,2136.02
15625,12,5,1702.1399999999999
15626,57,1,391.72
15627,93,2,566.9
15628,2,9,2782.02
15629,86,4,2240.9
15630,280,1,295.05
15631,278,1,596.67
15633,145,13,4352.46
15634,19,1,311.1
15635,31,1,70.35
15636,73,2,719.82
15637,49,4,520.39
15638,14,6,2205.84
15639,87,2,637.76
15640,8,15,11360.32
15641,32,8,3458.35
15642,365,1,105.78000000000002
15645,50,2,441.16
15646,8,3,526.97
15647,51,1,169.0
15649,3,3,1354.35
15650,157,2,553.88
15651,56,2,612.76
15652,23,4,1017.6
15658,8,4,1394.3700000000001
15659,22,2,226.04
15660,1,7,1212.13
15661,15,6,906.15
15662,297,2,283.73
15664,85,3,867.6
15665,47,3,1773.11
15666,108,2,632.9399999999999
15670,192,1,152.15
15672,361,1,45.300000000000004
15673,87,5,3533.77
15674,53,8,4486.63
15675,40,1,218.35
15677,57,2,642.4
15678,31,2,1541.19
15680,2,8,3021.85
15681,15,9,1563.54
15682,235,2,318.24
15683,109,1,330.79
15684,183,3,173.95
15685,86,1,55.980000000000004
15686,56,1,90.0
15688,54,1,190.57
15689,253,1,266.93
15691,30,3,434.5
15693,295,1,37.5
15694,1,12,4331.41
15695,233,2,717.06
15696,59,5,1121.1100000000001
15697,325,1,246.75
15698,260,1,46.2
15702,112,2,127.52
15704,138,2,1524.3400000000001
15708,5,3,1012.48
15709,225,1,192.6
15710,53,1,898.87
15711,192,2,420.25
15712,15,7,2394.05
15713,2,3,652.09
15714,89,3,453.93
15715,191,5,658.02
15716,5,8,1923.0
15717,57,4,456.70000000000005
15718,176,1,293.79
15719,17,18,5177.45
15720,186,1,143.19
15722,81,6,3030.54
15723,47,3,744.55
15724,36,1,92.6
15726,26,1,321.91
15727,23,8,3702.45
15728,15,2,544.6
15729,36,2,107.55000000000001
15730,17,2,605.7
15731,189,1,125.3
15732,8,9,1387.95
15734,72,2,643.8000000000001
15735,57,1,323.68
15736,71,2,1811.72
15738,8,26,8530.31
15741,94,2,208.62
15742,255,1,154.87
15747,11,6,1588.57
15748,85,2,370.95000000000005
15750,2,12,4302.711
15751,96,11,1369.44
15752,8,3,1570.16
15754,129,6,2489.04
15755,15,11,3628.87
15757,22,4,2223.94
15759,147,4,547.6500000000001
15760,266,2,29.9
15761,78,1,143.05
15764,70,2,1223.1100000000001
15765,302,1,370.63
15766,92,2,516.0
15768,112,31,14681.26
15769,7,21,20591.399999999998
15770,248,1,321.45
15771,240,3,1006.54
15772,54,1,280.88
15773,45,1,138.84
15774,54,5,1057.14
15775,267,1,45.6
15777,32,3,713.5
15778,67,1,307.95
15779,99,2,124.08000000000001
15782,66,1,1399.36
15784,103,2,848.3299999999999
15785,15,11,3640.96
15786,53,2,3442.62
15788,144,1,220.82999999999998
15789,67,5,1608.71
15791,165,3,1995.65
15792,35,2,933.84
15793,14,5,1341.6399999999999
15794,372,2,777.0
15795,66,7,1369.8600000000001
15796,10,9,2430.27
15797,217,2,613.6800000000001
15798,128,3,1535.37
15799,54,1,540.15
15800,89,5,543.5
15803,81,3,1513.84
15805,21,13,4656.75
15807,44,2,853.14
15808,5,18,14643.960000000001
15809,95,2,478.62
15810,22,4,1607.06
15811,1,2,1671.9
15812,71,7,2668.81
15814,29,2,689.11
15816,178,2,138.14999999999998
15817,56,3,2758.4
15818,224,1,340.5
15819,67,6,2029.34
15822,129,4,954.59
15823,8,3,3832.12
15824,89,2,890.94
15826,204,1,943.97
15827,8,16,1955.98
15828,11,1,1104.82
15833,373,1,80.4
15834,12,3,1537.24
15837,121,1,385.03000000000003
15838,3,16,7665.24
15841,22,5,1500.11
15842,29,2,548.8
15845,172,3,714.51
15846,21,1,107.01
15847,64,3,433.3
15848,257,1,137.94
15850,12,4,819.87
15851,162,1,109.73
15852,162,1,96.55
15854,12,9,2609.16
15855,112,1,340.48
15856,1,26,17832.77
15857,66,1,273.48
15858,3,9,2516.52
15859,68,1,430.46
15860,4,10,1528.0
15861,92,4,1231.43
15862,9,10,2078.41
15863,253,3,289.86
15864,17,1,244.44000000000003
15865,49,2,1345.79
15867,5,17,5250.31
15868,219,1,94.53
15869,262,1,174.02
15870,32,3,456.52
15871,73,1,33.099999999999994
15872,14,2,430.75
15873,135,4,244.8
15874,23,14,5869.68
15875,282,1,111.72
15876,45,2,1135.94
15878,197,2,330.77
15879,40,4,1059.3
15880,5,1,341.28000000000003
15882,4,6,979.62
15884,68,2,249.70000000000002
15885,19,12,1572.47
15886,52,3,871.78
15887,42,3,1027.15
15888,36,2,260.85
15889,5,7,1347.41
15890,30,5,405.65
15892,305,1,128.2
15893,117,1,152.64000000000001
15894,5,1,156.74
15898,3,22,4200.43
15899,4,1,56.25
15900,49,3,549.29
15901,87,4,337.34
15902,16,1,145.01
15903,14,5,3813.0800000000004
15905,179,1,114.69
15906,10,3,975.95
15908,126,2,428.57
15910,36,7,1449.6200000000001
15911,259,8,1702.34
15912,72,7,805.08
15913,170,1,6.300000000000001
15914,14,2,205.99
15915,37,1,429.21
15916,2,7,1899.08
15917,242,4,431.53000000000003
15918,267,1,248.65
15919,4,1,270.72
15920,60,5,379.14
15921,32,3,466.08
15922,9,1,369.5
15923,8,1,127.08
15924,367,1,102.82
15926,178,1,134.44
15927,283,1,123.39
15928,292,1,293.53
15929,280,1,594.0
15931,64,1,214.9
15934,53,2,2156.1
15936,15,2,282.79
15938,92,4,330.23
15939,10,1,2945.38
15941,273,1,405.0
15943,285,2,271.28999999999996
15944,29,3,1792.74
15945,1,4,621.27
15946,138,3,2304.18
15948,60,1,553.85
15950,11,6,5355.2
15951,17,1,304.95
15953,5,11,2008.1699999999998
15954,225,1,190.75
15955,8,9,4242.1
15956,187,2,617.6
15957,56,2,501.21
15958,39,3,388.64
15959,318,3,564.49
15960,10,4,406.95
15961,15,1,451.28999999999996
15962,85,1,295.83
15964,299,1,272.96000000000004
15965,3,10,2166.45
15966,86,1,426.53000000000003
15967,15,10,2615.77
15968,24,1,416.05
15969,61,2,432.95
15970,234,1,703.22
15971,21,6,1561.38
15972,92,5,1580.1200000000001
15973,2,3,680.5699999999999
15976,46,4,1315.7
15978,68,2,2176.64
15979,238,1,329.22
15980,126,4,4163.62
15981,37,13,5954.29
15982,241,1,324.51
15983,1,6,2483.8
15984,4,21,5912.65
15985,72,5,1512.38
15986,17,1,186.3
15987,4,2,230.85
15988,187,2,612.0600000000001
15989,11,2,371.51
15990,130,5,1217.94
15991,170,1,145.55
15992,32,2,854.61
15994,47,2,775.11
15995,50,1,695.19
15996,2,2,626.22
15998,29,11,5210.37
15999,371,1,20.4
16001,17,1,583.39
16002,261,1,169.21
16003,17,5,2754.46
16004,110,5,2144.39
16005,11,6,1820.83
16006,23,1,245.77
16007,19,3,1373.2
16008,18,12,4905.35
16010,12,8,1316.56
16011,2,14,2511.75
16012,37,2,1574.5
16013,7,39,13805.96
16014,44,2,467.89
16016,2,4,1011.18
16017,53,4,1316.95
16018,32,2,289.23
16019,17,18,13539.130000000001
16021,31,2,532.25
16024,47,2,232.96
16027,93,9,1113.74
16028,231,1,82.2
16029,8,47,31924.02
16032,92,6,1970.45
16033,5,8,2013.73
16034,30,3,491.02
16035,196,1,216.73
16036,60,2,1797.92
16037,180,2,574.3199999999999
16039,59,2,456.4
16040,66,4,1068.35
16042,15,3,1065.85
16043,15,4,1082.6000000000001
16044,71,1,340.84000000000003
16045,52,4,2094.23
16046,198,1,233.78
16047,318,1,14.95
16048,9,4,818.7900000000001
16049,11,3,772.89
16050,19,2,162.8
16051,317,1,188.44
16053,49,4,2092.65
16054,54,3,1047.93
16057,155,3,1591.73
16058,42,1,62.7
16059,3,7,1747.91
16060,36,3,541.95
16061,67,1,59.65
16062,15,4,1699.83
16064,361,1,111.0
16065,1,8,2010.53
16067,198,3,3395.29
16068,229,1,122.93
16069,53,1,457.7
16071,163,3,750.5600000000001
16072,64,3,3724.57
16074,26,1,263.25
16075,138,2,736.9300000000001
16077,261,1,1515.6000000000001
16078,305,1,283.79
16080,21,2,385.40000000000003
16081,2,4,1639.28
16082,306,1,106.75
16083,18,2,1033.8
16085,16,7,1362.02
16086,3,6,1741.6
16087,25,5,1739.92
16088,211,2,1437.43
16089,22,2,269.44
16090,260,1,205.91
16092,140,3,770.08
16094,11,7,2614.33
16095,92,1,447.05
16096,52,3,1034.3500000000001
16098,9,8,2219.91
16099,53,4,841.3
16100,98,1,582.64
16101,70,3,1938.46
16103,25,16,4756.07
16104,54,8,2470.25
16105,74,4,2049.23
16108,70,3,1392.42
16109,334,1,327.6
16110,158,1,480.79
16111,64,1,562.48
16115,33,4,907.17
16117,38,2,422.19
16118,288,1,4338.09
16119,30,6,1297.45
16120,58,2,1747.77
16121,26,3,609.98
16122,2,3,316.92
16124,54,3,1511.49
16125,3,14,4277.3
16126,15,11,8359.03
16127,362,1,145.06
16128,16,6,1876.51
16129,43,3,1246.0
16130,58,4,963.48
16131,11,6,6448.88
16132,180,2,614.1999999999999
16133,12,23,7947.74
16134,59,3,1486.93
16135,219,1,301.9
16136,299,1,237.42
16137,316,1,422.7
16138,14,3,872.19
16139,358,2,475.74
16140,7,2,832.4200000000001
16141,53,1,327.54
16143,5,7,2485.89
16145,24,8,2989.9500000000003
16146,84,1,212.25
16147,36,4,2023.91
16148,72,1,310.3
16149,65,1,141.70000000000002
16150,8,6,2338.57
16153,56,6,3205.58
16155,17,5,771.9
16156,18,11,3096.14
16158,158,9,591.32
16159,106,3,884.59
16161,4,25,7244.24
16163,1,5,1987.98
16165,141,1,29.9
16166,64,2,435.83
16167,50,5,1261.16
16168,5,40,6708.87
16170,31,14,4973.95
16172,109,3,744.34
16174,127,4,1237.2
16175,107,3,798.85
16176,57,4,2052.69
16177,72,7,1903.36
16178,37,1,414.7
16180,114,5,5995.69
16182,74,5,3354.0
16183,30,3,739.1
16185,200,1,115.31
16186,8,15,5019.17
16188,44,1,105.80000000000001
16190,30,7,2463.4700000000003
16191,11,11,9948.26
16192,371,1,351.3
16193,46,1,315.98
16194,11,1,308.59999999999997
16195,359,1,323.25
16196,124,1,93.3
16197,105,9,2016.71
16198,73,1,629.36
16199,28,7,942.75
16200,18,10,4562.83
16201,51,1,248.65
16202,53,8,2111.72
16203,8,3,520.64
16204,16,2,538.53
16205,32,3,1069.23
16206,23,9,2053.26
16208,30,8,2760.19
16209,18,4,1884.16
16210,4,19,12240.130000000001
16211,57,2,423.57
16212,254,2,603.37
16214,71,1,945.26
16218,9,7,1355.29
16219,136,1,40.8
16221,3,7,1369.65
16222,357,1,497.5
16223,10,2,1092.79
16224,23,1,317.24
16225,38,10,1771.0900000000001
16226,14,2,417.05
16227,130,2,713.0
16228,21,3,890.8100000000001
16229,17,4,1857.26
16231,15,4,1078.22
16232,56,3,1722.09
16233,2,7,1429.03
16234,112,3,333.18
16235,11,4,1179.4
16237,73,1,136.65
16238,58,1,63.66
16239,18,4,1078.0
16241,5,4,1709.44
16242,17,7,3871.19
16244,8,1,1056.63
16246,95,2,827.25
16250,9,2,401.94
16251,148,1,128.31
16252,18,1,295.09000000000003
16253,56,5,3587.24
16254,14,3,985.14
16255,1,8,2272.89
16256,129,2,841.89
16258,23,10,6396.29
16259,46,3,361.94
16261,22,2,312.62
16262,14,1,755.15
16263,59,1,351.01
16264,74,2,837.53
16265,22,3,1375.02
16266,59,7,876.06
16267,227,1,186.66
16269,73,1,717.57
16271,93,5,2033.73
16273,284,2,336.03999999999996
16274,9,1,336.95
16275,110,2,1587.24
16276,115,2,1575.35
16277,369,1,186.69
16278,116,2,551.46
16279,21,6,4195.5
16280,361,1,238.05
16281,59,2,1361.96
16282,123,2,1139.28
16283,54,3,2833.01
16284,29,1,205.8
16285,282,1,176.9
16286,113,2,328.95
16287,12,4,849.36
16288,106,1,129.85
16289,98,1,136.31
16290,100,4,2043.3
16291,318,1,14.95
16292,16,4,951.51
16293,3,6,2406.96
16294,112,1,126.05000000000001
16296,262,4,1313.67
16298,33,4,487.5
16299,113,1,193.65
16300,66,3,1392.43
16301,372,1,107.33
16303,28,4,2567.64
16304,330,1,381.66
16306,3,2,560.55
16307,65,3,1194.92
16308,42,3,138.24
16310,50,2,460.08
16312,68,1,171.15
16314,25,3,1491.4
16315,172,1,176.34
16316,16,5,2661.0
16317,186,2,848.86
16320,89,4,4590.53
16321,262,2,230.9
16323,213,1,146.16
16325,60,9,3003.26
16326,19,10,1635.98
16327,5,11,6615.2
16328,199,1,310.83
16329,63,4,1703.07
16330,60,4,382.42
16331,68,6,2037.7
16332,67,4,415.21000000000004
16334,128,1,277.48
16335,187,7,2765.0
16336,56,4,3517.69
16340,75,2,974.99
16341,73,3,1878.92
16343,43,1,311.59
16344,145,3,741.3199999999999
16345,119,1,623.33
16346,21,1,224.51
16347,24,9,2621.76
16348,66,1,328.77
16350,10,5,1137.42
16351,47,12,3176.13
16353,5,16,3323.75
16354,15,3,733.71
16355,11,1,415.35
16356,12,3,204.10000000000002
16357,17,1,209.49
16358,30,1,892.1500000000001
16359,12,7,909.83
16362,73,1,212.17
16365,3,7,1744.78
16366,218,3,1220.83
16367,19,1,557.91
16368,71,1,142.78
16369,72,4,1111.15
16371,84,1,157.2
16372,45,3,960.68
16373,18,2,309.49
16374,38,3,1277.42
16375,106,2,104.0
16377,253,1,230.04000000000002
16381,31,2,258.7
16382,44,2,322.1
16383,32,5,2304.48
16384,65,2,774.4499999999999
16385,2,3,474.72
16386,23,1,785.39
16387,31,4,822.19
16388,289,1,186.05
16390,172,3,467.5
16391,36,4,1102.61
16392,49,2,539.86
16393,5,11,2515.45
16395,29,9,2048.95
16396,112,1,137.8
16397,264,1,122.88
16399,25,1,233.25
16400,31,8,2850.5099999999998
16401,15,11,2710.5099999999998
16402,5,1,211.8
16406,86,2,389.61
16407,25,4,694.72
16408,227,1,231.93
16409,16,7,3675.16
16410,370,1,130.32
16411,5,3,695.54
16412,29,4,495.4
16413,11,1,266.78000000000003
16414,67,3,433.46000000000004
16415,219,2,509.09000000000003
16416,26,6,1921.48
16417,128,1,35.7
16418,44,2,424.67
16419,213,2,490.19
16420,32,1,75.0
16421,12,3,526.27
16422,5,59,23890.33
16424,18,1,309.5
16428,49,3,660.28
16430,17,6,817.04
16433,44,1,200.26
16434,82,5,1209.49
16435,148,3,980.57
16436,304,3,329.34
16437,17,2,301.25
16439,358,1,310.70000000000005
16440,129,1,216.3
16441,53,3,653.23
16442,240,2,282.68
16443,156,1,162.24
16444,26,13,2999.91
16445,22,3,372.22
16447,226,2,515.13
16448,107,1,178.98000000000002
16450,220,2,1193.81
16451,197,2,746.1800000000001
16452,266,2,332.17
16453,166,2,251.71
16454,242,2,24.05
16455,7,6,2452.47
16456,9,9,4704.54
16458,11,12,2232.6
16459,365,1,71.78999999999999
16461,226,2,1463.8
16465,56,2,746.24
16466,19,8,2123.08
16467,144,7,1893.52
16468,106,2,712.62
16469,150,1,178.48000000000002
16470,32,7,1696.21
16471,29,3,966.03
16472,70,2,722.6
16473,10,1,154.72
16476,67,1,350.35
16477,7,5,1825.56
16481,318,1,453.38
16485,68,4,1931.03
16486,173,1,134.36
16487,213,2,209.4
16489,16,2,303.7
16490,72,1,205.41000000000003
16491,49,1,801.66
16492,176,1,385.56
16493,80,3,780.46
16496,67,3,731.25
16497,49,17,3715.59
16499,10,6,2212.89
16500,10,3,443.05
16501,19,1,1236.23
16502,256,2,249.5
16503,31,7,2175.41
16507,208,1,152.76
16508,266,1,248.8
16510,8,6,1840.8999999999999
16511,33,3,867.76
16515,15,5,1584.17
16518,57,2,475.05
16519,1,3,341.18
16520,1,4,1435.05
16521,51,3,1128.97
16522,71,2,429.36
16523,51,7,2489.86
16524,82,2,308.14
16525,2,23,11099.710000000001
16526,220,1,414.85
16527,60,1,1044.38
16529,113,3,1556.75
16530,304,1,48.349999999999994
16531,17,4,1049.74
16532,67,2,1090.08
16534,278,1,603.9
16535,21,2,402.78999999999996
16537,277,1,23.35
16538,177,3,399.62
16539,9,7,2193.15
16540,50,1,226.70000000000002
16541,371,1,414.03
16542,37,1,137.7
16543,227,1,292.21
16544,155,4,376.70000000000005
16545,11,1,350.52
16546,8,4,4716.76
16547,182,1,111.71
16548,235,1,30.15
16549,33,24,9026.55
16550,4,14,7080.4
16551,59,4,1305.0
16552,9,1,95.29
16553,32,21,10039.23
16554,22,5,2004.6200000000001
16555,141,4,1619.71
16556,11,10,4387.74
16558,2,19,5517.02
16559,33,1,185.20000000000002
16560,33,6,2185.97
16562,112,1,223.85999999999999
16563,36,5,3302.78
16564,205,1,87.8
16565,42,3,599.35
16568,63,2,690.9000000000001
16569,267,4,1331.03
16570,15,10,3415.86
16571,31,7,2827.05
16574,59,2,850.34
16576,56,2,540.87
16577,302,1,380.0
16578,262,1,156.6
16579,61,1,285.05
16583,9,2,297.95
16584,68,3,2227.59
16585,229,2,341.59
16586,80,2,982.83
16588,22,4,1361.28
16589,86,1,153.12
16590,36,2,601.9
16592,11,12,3694.23
16593,26,5,741.11
16595,12,4,1450.02
16596,2,3,329.48
16599,21,1,172.8
16600,10,7,1339.89
16601,26,2,439.45
16602,24,1,235.25
16604,198,2,432.45
16605,360,1,60.48
16606,40,2,357.66
16607,35,11,2355.16
16608,89,2,1253.72
16611,39,5,1590.64
16612,15,5,2057.77
16614,38,2,673.6
16615,262,1,291.5
16619,19,3,1702.1200000000001
16620,25,4,1579.97
16622,179,1,225.4
16623,37,3,885.79
16625,58,4,1320.95
16628,43,2,130.05
16630,43,1,106.80000000000001
16631,117,7,1886.52
16632,121,2,406.4
16634,8,5,1525.23
16635,42,1,473.0
16636,74,4,3802.04
16638,4,6,749.8100000000001
16639,45,1,490.47
16640,33,1,179.4
16641,337,1,323.40000000000003
16642,51,1,389.12
16643,58,1,435.6
16645,371,1,160.39
16646,85,1,602.64
16647,78,2,327.84
16648,91,2,382.14
16649,156,1,301.58
16650,56,6,1397.69
16651,222,1,136.2
16652,40,9,10700.1
16654,4,5,1106.2
16655,47,7,2753.85
16656,56,15,6052.41
16658,4,6,683.83
16660,58,3,535.58
16661,176,4,986.63
16662,30,1,163.8
16663,365,1,165.0
16664,205,1,109.2
16666,257,1,106.96000000000001
16668,23,7,551.7
16670,29,9,3934.25
16673,315,1,188.83
16675,77,2,608.86
16676,38,2,765.78
16677,47,2,860.62
16679,2,3,663.31
16680,164,2,637.75
16681,277,1,151.5
16683,169,1,320.25
16684,15,27,61768.31
16686,25,9,2008.09
16687,26,1,157.63
16690,29,2,127.45
16691,54,2,153.83
16692,44,2,189.89999999999998
16693,47,3,716.45
16694,359,1,73.30000000000001
16695,197,2,193.15
16699,16,7,994.6
16700,2,13,4091.16
16701,59,13,4427.31
16702,51,4,1098.83
16704,254,2,667.66
16705,36,22,28907.541
16707,36,4,551.11
16709,15,9,5969.59
16710,4,13,3859.05
16711,15,4,1217.45
16712,37,2,621.5600000000001
16713,2,18,7461.72
16714,306,1,368.27
16715,198,1,322.54
16716,266,1,1248.48
16717,2,9,3127.85
16718,5,5,3023.78
16719,4,8,2174.88
16720,12,2,537.9399999999999
16722,2,11,4256.2699999999995
16723,79,2,712.48
16724,40,1,147.35
16725,7,8,1099.09
16726,19,2,706.39
16727,28,3,1164.6
16731,284,1,174.05
16732,39,3,3499.84
16733,165,1,259.68
16735,29,9,3970.0
16736,141,5,2952.56
16737,213,1,208.79999999999998
16739,172,1,463.43
16740,31,1,236.81
16741,261,1,173.06
16742,128,13,2387.71
16743,92,7,2015.17
16746,19,24,11368.74
16748,24,9,2121.43
16749,227,2,4363.88
16752,8,1,140.5
16754,8,29,28102.75
16755,103,4,1378.75
16756,40,6,1047.97
16757,45,1,163.65
16760,66,1,228.0
16763,374,1,352.85
16765,18,1,420.75
16767,54,4,2493.2
16768,19,6,1230.03
16769,114,3,749.36
16770,8,5,1135.03
16771,93,5,1720.79
16772,59,3,3695.5499999999997
16773,72,2,249.65
16774,59,4,932.93
16775,3,6,1351.23
16776,51,1,231.57
16777,49,3,1077.41
16779,2,32,22553.88
16780,43,1,180.36
16781,8,2,623.0
16782,1,26,8151.51
16783,72,1,391.95
16784,12,4,788.93
16785,45,1,533.78
16786,29,1,51.839999999999996
16787,33,4,1031.43
16788,40,3,1352.82
16791,19,8,2316.91
16792,19,3,508.08
16794,16,5,864.1999999999999
16795,1,3,2072.51
16797,29,5,1823.77
16798,190,3,831.71
16799,68,2,495.98
16802,315,2,582.61
16805,213,3,636.6
16807,106,3,1002.29
16809,68,4,812.74
16810,56,1,520.5
16812,14,3,1910.65
16814,5,16,5940.61
16815,89,2,410.97
16817,4,5,1194.15
16819,101,2,182.59
16821,17,1,111.35
16822,322,1,181.39
16823,23,6,1891.71
16824,29,1,225.6
16825,14,3,1051.71
16827,29,5,390.13
16829,24,1,316.1
16830,78,3,881.59
16831,200,1,91.8
16832,64,2,218.45999999999998
16833,75,2,1022.46
16834,310,1,485.5
16835,9,5,1357.56
16836,42,2,530.5
16838,166,2,568.76
16839,5,11,5716.14
16840,239,2,139.85
16841,64,6,2136.2400000000002
16843,58,19,9221.7
16844,198,2,614.34
16845,254,1,253.88
16846,213,2,628.09
16847,254,1,421.45000000000005
16848,12,3,1130.2
16854,53,2,1408.96
16856,53,2,323.09000000000003
16857,78,1,352.8
16858,4,10,4292.59
16859,52,5,1184.6
16860,88,3,1606.62
16861,26,3,772.83
16862,183,4,662.33
16863,2,2,495.72
16864,70,2,409.25
16865,37,1,130.95
16867,325,1,76.74000000000001
16868,30,3,393.39
16870,105,1,450.15999999999997
16872,63,3,433.51
16873,65,6,7294.33
16874,15,1,217.74
16875,73,6,2109.0
16876,39,1,136.01
16880,129,1,321.78
16883,7,18,2099.86
16884,192,2,624.08
16885,21,1,239.23000000000002
16886,92,1,134.0
16887,36,2,465.84000000000003
16888,36,3,420.15
16889,33,3,952.23
16890,112,3,285.41
16891,7,7,1245.1200000000001
16892,190,2,236.56
16893,2,2,255.84
16894,138,3,1316.06
16895,74,4,900.28
16896,191,1,103.95
16898,4,3,507.56
16899,14,2,439.46000000000004
16901,365,1,199.26
16903,16,2,689.04
16904,3,7,1376.1
16905,7,11,1927.72
16906,64,3,868.03
16907,1,5,726.25
16908,358,1,252.59
16911,271,2,255.25
16912,57,4,1900.93
16913,287,2,310.46999999999997
16915,22,5,391.5
16916,8,3,545.14
16917,268,1,1342.31
16918,58,10,2144.47
16919,4,14,2529.46
16920,47,1,355.45
16921,78,2,272.88
16922,208,1,610.08
16923,11,13,6126.75
16925,176,1,125.65
16926,7,5,1137.1
16928,9,13,1191.98
16931,5,3,629.4
16932,59,2,276.77
16933,25,7,2608.02
16934,19,4,1160.06
16935,17,3,535.1
16936,21,1,288.49
16937,135,1,202.1
16938,17,5,4306.8
16939,124,3,449.0
16940,86,5,3377.78
16941,247,1,33.0
16943,175,2,29.9
16944,245,1,101.36
16945,29,14,4202.66
16946,19,5,1197.04
16947,98,4,548.73
16948,65,4,418.75
16950,3,8,2603.81
16952,77,3,631.17
16954,15,11,3996.7999999999997
16955,4,4,784.74
16958,71,1,808.44
16960,26,5,1536.38
16961,24,2,556.39
16962,45,1,251.04
16964,369,2,207.85
16970,262,1,71.4
16972,18,2,786.25
16973,22,1,127.0
16974,158,2,365.5
16975,59,3,926.12
16977,31,4,496.0
16978,302,2,374.55
16979,19,3,1007.74
16980,64,1,394.37
16983,5,5,1774.97
16984,40,7,6183.45
16985,12,13,4603.94
16986,81,9,2988.55
16987,12,4,901.85
16988,15,1,256.55
16990,58,1,165.0
16991,57,1,1041.21
16992,23,8,3772.19
16993,99,2,1944.9499999999998
16996,18,3,666.6500000000001
16998,80,1,107.0
17000,32,2,406.3
17001,12,8,2651.23
17002,79,4,1077.82
17003,38,4,830.16
17004,28,2,1012.22
17005,106,2,742.36
17006,28,4,854.54
17007,73,1,230.17000000000002
17008,65,1,81.36
17009,187,1,242.06
17011,283,2,400.8
17012,361,1,384.16
17016,212,1,550.4
17017,1,13,5397.3099999999995
17018,23,4,1367.6
17019,4,8,2739.59
17020,178,2,935.62
17021,78,6,1177.22
17022,68,1,189.0
17023,53,3,800.18
17025,9,4,1152.87
17026,5,2,54.15
17027,82,3,285.82
17028,217,3,1591.83
17029,18,5,1328.9
17031,14,4,2393.5
17032,183,8,2961.82
17033,33,1,302.65000000000003
17034,45,2,538.4
17035,227,2,180.06
17036,19,1,174.9
17038,51,1,630.77
17039,240,1,1944.99
17040,186,1,13.52
17041,33,3,604.71
17043,11,4,879.37
17044,10,11,10925.82
17045,12,2,436.24
17046,80,4,1264.05
17047,67,3,1188.33
17048,73,4,1146.33
17049,11,10,4268.5
17050,11,5,1177.77
17051,82,3,467.25
17055,81,1,239.55
17056,374,1,128.60000000000002
17057,232,1,294.74
17059,5,5,2507.4900000000002
17062,1,4,669.85
17063,43,6,2177.39
17065,273,2,194.7
17066,362,1,228.34
17067,360,3,454.54
17068,4,27,4608.94
17069,9,6,3080.58
17070,46,1,133.18
17071,17,4,1372.17
17072,261,1,282.05
17074,198,1,203.05
17075,65,6,1407.61
17076,28,3,401.66999999999996
17077,214,1,306.0
17080,15,5,664.91
17081,31,4,664.23
17082,30,4,2728.18
17083,45,6,2644.01
17084,32,1,2253.22
17085,12,23,6312.76
17087,373,1,221.53
17089,22,1,128.45
17090,10,6,1105.53
17091,3,11,3977.34
17092,73,7,3817.18
17093,228,1,235.88
17094,59,1,100.2
17095,66,4,1232.09
17096,19,7,2732.05
17097,1,2,371.03
17098,17,3,591.0699999999999
17099,169,1,582.17
17101,30,3,885.3199999999999
17103,358,1,424.3
17104,59,1,474.03
17106,25,1,491.23
17107,33,4,5225.43
17108,299,1,174.95
17109,42,2,410.42
17110,156,2,347.4
17111,61,1,227.97
17112,138,1,205.17
17113,210,6,2312.59
17115,184,4,1923.99
17116,284,1,389.78
17121,38,1,314.74
17122,24,3,432.18
17123,75,2,631.87
17126,17,4,1065.69
17127,64,5,1155.0300000000002
17129,156,1,31.85
17132,88,2,1264.8
17133,110,5,4519.69
17134,78,1,212.1
17135,7,4,814.43
17136,298,1,231.68
17137,52,6,1133.63
17138,25,6,4020.77
17139,25,13,8883.99
17141,54,4,754.33
17142,40,3,694.75
17143,53,2,909.11
17145,148,4,3058.4300000000003
17146,71,10,5103.46
17147,88,5,1485.36
17149,87,1,143.10000000000002
17150,12,6,1365.65
17151,371,1,231.90000000000003
17152,61,1,327.0
17155,163,5,631.64
17156,127,1,591.87
17157,116,17,4832.9
17158,183,2,713.03
17159,113,2,560.71
17160,10,11,6691.13
17161,80,1,856.01
17163,81,2,406.68
17165,17,5,1635.64
17167,15,3,867.11
17168,134,1,400.2
17169,214,1,320.95
17170,10,2,178.68
17171,297,1,159.68
17172,66,2,638.81
17176,162,2,596.1899999999999
17177,141,1,119.5
17178,367,1,426.71
17179,18,3,795.47
17180,58,7,1460.95
17181,9,2,194.45000000000002
17182,58,2,321.3
17184,205,2,198.41000000000003
17185,227,3,229.46
17187,162,1,263.76
17188,82,6,2118.7000000000003
17189,196,3,573.23
17190,39,5,1040.05
17191,4,11,2738.92
17192,172,1,77.83
17193,22,2,602.74
17194,166,1,549.88
17195,291,1,562.98
17196,63,1,352.9
17198,1,2,521.66
17199,218,1,145.12
17200,23,4,280.39
17201,159,3,899.41
17202,56,1,160.65
17203,24,4,2012.03
17204,10,5,3920.13
17205,52,2,602.25
17207,288,1,303.21999999999997
17208,31,1,115.35
17209,285,3,413.6
17210,28,1,253.37
17211,5,6,1729.43
17212,94,2,567.5600000000001
17213,2,7,2376.07
17215,100,1,186.15
17216,190,1,65.05
17217,255,1,104.5
17218,4,9,2231.96
17219,52,1,144.9
17220,53,7,1283.5
17221,227,3,643.39
17222,113,5,1240.86
17223,4,2,426.69
17224,137,1,75.86
17225,217,1,131.15
17226,80,2,506.63
17227,4,7,1082.71
17228,3,7,1271.1499999999999
17230,199,10,6286.54
17231,25,15,4017.72
17233,84,2,369.98
17235,8,7,1353.82
17236,46,6,981.13
17237,11,2,687.39
17238,7,17,4032.45
17239,23,3,806.95
17240,232,1,130.6
17241,21,12,2744.14
17242,92,3,1754.24
17243,5,44,12201.01
17244,19,4,871.14
17245,325,1,200.18
17246,182,2,38.92
17248,117,1,227.51
17249,64,1,68.03
17251,18,2,529.15
17254,37,1,198.29
17255,26,2,500.72
17256,117,3,258.93
17257,72,2,192.73
17258,32,2,417.3
17259,4,5,1284.97
17260,47,1,95.95
17261,145,1,230.44
17262,2,7,1484.26
17264,60,1,279.59
17266,135,2,207.09
17268,81,7,970.25
17269,21,1,536.46
17270,105,2,597.4
17271,372,1,210.39
17273,60,1,141.12
17274,31,1,465.4
17275,19,1,109.52
17276,38,1,496.39
17278,201,1,25.2
17280,74,1,118.85999999999999
17281,10,6,797.8499999999999
17282,92,2,634.25
17283,14,1,188.46
17284,25,2,926.0699999999999
17285,264,2,428.34
17286,36,2,241.56
17287,3,16,2986.85
17288,26,4,1076.25
17289,12,6,1129.98
17290,17,6,976.2
17292,108,2,271.75
17293,30,8,1898.1200000000001
17294,305,2,467.78999999999996
17296,366,1,336.13
17298,10,3,459.14
17299,75,2,346.97
17300,26,2,393.64
17301,260,1,132.8
17304,170,1,111.5
17305,284,1,1982.8200000000002
17306,29,2,674.4000000000001
17307,31,11,3851.57
17308,29,2,874.0799999999999
17309,17,2,247.84
17310,23,2,627.3
17311,28,4,2173.71
17314,29,9,2375.51
17315,11,5,3354.34
17316,56,1,124.45
17318,361,1,164.28
17319,305,1,29.1
17320,4,4,1695.15
17321,30,4,978.32
17322,12,5,922.59
17323,43,5,644.52
17324,2,9,1309.64
17325,46,2,502.77
17326,44,2,319.95
17327,45,2,152.35
17328,309,1,104.7
17329,367,3,481.32
17330,180,2,24.9
17332,164,5,837.27
17334,42,1,328.13
17335,19,2,508.0
17336,108,1,81.12
17338,11,9,5498.64
17339,1,2,119.0
17340,2,8,10051.53
17341,2,3,1108.47
17342,15,4,1152.49
17343,12,5,1058.3
17344,364,1,307.54
17345,11,6,1066.94
17346,9,12,2619.44
17348,73,4,1316.8899999999999
17349,16,4,708.5
17350,30,3,617.971
17351,63,9,1401.08
17352,332,1,36.25
17353,127,2,1177.1999999999998
17354,64,3,1750.3999999999999
17355,22,1,285.11
17356,190,4,768.25
17358,12,3,498.2
17359,284,1,156.6
17360,21,3,630.59
17361,312,2,392.44
17362,36,5,709.8100000000001
17363,31,3,940.86
17364,12,17,7186.36
17365,22,7,3423.42
17366,68,2,1096.24
17368,11,6,881.01
17369,91,1,122.39999999999999
17371,259,3,238.66
17372,17,20,3029.88
17373,54,3,520.58
17374,31,1,231.34
17375,67,1,260.45
17376,40,2,250.44
17377,1,60,14216.49
17378,10,1,10.95
17380,70,3,645.0
17381,4,12,11058.34
17382,71,7,836.88
17383,89,1,110.69999999999999
17384,103,1,171.15
17386,21,1,126.35000000000001
17388,56,7,1136.25
17389,10,27,24895.4
17390,56,1,149.3
17392,86,1,168.65
17393,46,2,381.15
17395,144,1,97.5
17396,7,7,1476.3
17397,52,1,536.77
17400,217,3,2547.09
17401,177,1,114.85
17402,5,12,2462.33
17403,86,1,103.95
17404,45,8,10348.61
17406,2,11,2703.63
17407,47,1,552.9
17408,136,2,283.44000000000005
17409,57,8,6789.66
17411,22,2,646.44
17412,8,10,2599.36
17413,40,2,525.5799999999999
17414,59,4,714.08
17416,29,15,10114.03
17417,184,1,164.18
17418,23,1,206.60000000000002
17419,3,8,2271.95
17420,9,4,480.6
17421,22,3,1059.41
17422,17,5,1615.39
17423,29,1,420.54
17426,88,7,2990.51
17428,4,18,14220.97
17429,32,2,832.54
17430,1,3,469.40999999999997
17432,21,7,1381.6299999999999
17433,21,1,266.8
17435,47,1,327.35
17436,44,3,317.76
17437,165,1,368.17
17438,80,4,1034.32
17439,291,1,325.74
17440,185,1,137.16
17441,368,1,293.35
17442,17,9,2371.74
17448,133,46,14555.72
17449,23,6,2430.29
17450,3,7,18286.22
17454,98,6,1030.41
17456,1,2,975.5600000000001
17457,15,9,4185.67
17458,17,1,213.08
17460,8,12,1605.8400000000001
17463,196,2,661.5
17464,158,2,710.98
17465,61,7,2537.79
17467,31,1,102.6
17468,11,1,57.8
17469,36,12,3178.28
17470,3,7,1679.8
17471,110,1,321.65000000000003
17472,264,1,224.81
17473,44,2,603.0
17474,235,1,1047.0
17476,31,2,483.86
17477,248,2,1144.3
17478,44,2,1272.8
17479,268,1,389.26000000000005
17480,80,1,390.21
17482,123,2,778.19
17483,50,1,177.69
17484,212,2,209.57
17487,364,1,155.55
17488,277,1,336.5
17490,24,2,658.18
17491,3,8,2422.2000000000003
17492,114,2,747.85
17493,21,1,100.91000000000001
17494,137,1,54.699999999999996
17495,26,1,309.16
17496,199,3,1076.84
17497,26,2,285.25
17499,197,1,703.51
17504,16,9,6409.45
17505,186,3,1288.64
17508,17,7,4191.92
17510,56,1,206.07999999999998
17511,3,31,82494.51
17512,88,8,2349.87
17513,44,2,645.6
17514,305,1,334.18
17515,30,5,897.4399999999999
17516,14,1,189.47
17518,61,2,329.42
17519,4,10,3163.4500000000003
17521,30,2,544.85
17524,74,2,394.14
17525,33,2,739.2
17526,1,9,2945.14
17529,246,2,1233.25
17530,1,3,734.51
17531,163,2,970.12
17532,21,1,65.34
17533,70,1,34.8
17534,87,4,1445.47
17536,56,2,288.33
17539,253,4,1224.52
17540,19,4,1011.7
17541,145,1,124.46
17542,277,2,170.95
17543,185,1,120.05
17544,26,3,950.69
17545,26,3,772.58
17547,11,2,647.85
17548,14,3,627.96
17550,33,6,2270.48
17552,8,10,2154.88
17553,108,3,1176.0
17555,61,3,574.48
17556,15,1,142.77
17557,368,1,34.0
17558,29,1,259.17
17559,148,1,167.62
17560,31,4,1040.85
17561,26,3,554.72
17563,214,2,392.38
17565,222,1,131.83
17567,8,2,1024.55
17568,269,1,382.79
17570,17,1,14.95
17571,178,1,205.23999999999998
17572,9,7,496.26000000000005
17575,303,1,171.7
17576,1,23,5432.13
17577,281,2,348.75
17578,110,6,903.87
17579,214,1,278.38
17580,12,2,329.55
17581,8,20,7710.71
17582,82,4,1275.43
17583,196,1,135.95
17584,103,4,3962.12
17585,81,3,945.23
17586,255,1,167.4
17587,264,1,181.66
17588,32,4,1699.35
17589,21,14,11623.7
17591,3,2,519.7
17592,374,1,148.3
17593,45,6,4168.46
17594,85,2,1504.7
17596,4,7,2092.74
17597,54,4,1429.72
17598,17,1,409.98
17599,113,1,52.05
17601,16,1,305.46999999999997
17602,108,8,2298.16
17603,253,3,1398.76
17604,58,4,636.57
17605,226,1,160.75
17606,373,1,87.30000000000001
17607,12,1,333.81
17608,85,2,305.11
17609,38,6,781.12
17610,176,5,1525.49
17611,57,13,4381.76
17612,15,12,3346.41
17615,23,3,403.6
17616,3,2,489.59999999999997
17617,194,1,395.33
17618,19,8,3101.66
17621,40,3,1795.22
17622,233,2,1130.21
17623,45,6,1847.6200000000001
17624,73,2,718.15
17625,82,4,4020.8
17626,238,1,254.0
17627,114,1,291.88
17629,24,2,639.4
17631,10,4,470.16
17633,15,3,732.55
17635,60,3,1185.58
17638,283,2,795.6
17639,23,5,506.67
17640,15,5,2547.28
17642,65,3,1112.2
17643,9,2,439.7
17644,30,9,3132.96
17646,1,10,3074.4
17647,305,2,198.6
17648,21,1,418.87
17649,105,2,710.4
17651,134,6,1758.52
17655,2,3,1013.54
17657,66,1,126.0
17659,8,3,833.33
17660,373,1,163.47
17662,297,2,412.92
17663,53,10,3207.92
17664,110,2,561.59
17665,129,1,545.82
17666,113,3,1319.6399999999999
17667,71,4,1895.19
17669,98,3,2735.63
17671,1,2,830.63
17672,53,5,2496.52
17673,11,7,2604.46
17674,4,1,300.66
17675,3,40,17480.12
17676,2,5,1378.16
17677,2,28,20329.68
17678,239,1,291.65
17679,157,5,1585.5
17680,19,2,228.05
17681,233,5,731.2
17682,4,6,1982.45
17683,21,3,819.01
17685,8,6,2751.64
17686,59,2,2555.35
17687,56,1,432.68
17688,29,1,304.2
17689,24,2,317.08
17690,2,8,2653.15
17691,4,3,489.65000000000003
17692,32,8,2232.86
17694,147,2,1412.85
17695,30,3,980.7
17696,18,19,5393.88
17699,112,2,442.0
17700,17,10,4008.28
17702,19,2,1319.67
17703,54,1,296.1
17705,91,2,260.38
17706,2,17,10178.49
17707,12,6,456.90000000000003
17708,38,2,620.85
17709,106,4,508.56
17710,59,1,289.5
17713,18,4,1188.09
17714,60,4,1247.18
17715,228,1,122.39999999999999
17716,32,13,10286.98
17717,57,1,376.92
17718,280,1,299.83
17720,3,7,1570.97
17721,295,1,307.21000000000004
17722,2,2,2004.32
17723,11,1,102.0
17726,31,7,1092.06
17728,40,2,1356.75
17729,232,1,436.65000000000003
17730,18,7,2475.32
17731,257,2,468.88
17732,8,8,2153.42
17734,161,3,733.69
17735,3,8,3919.86
17738,31,9,2304.51
17739,10,11,4939.24
17740,25,6,426.9
17741,42,2,101.1
17742,64,9,1638.3700000000001
17743,84,1,229.2
17744,16,1,326.74
17745,113,2,570.34
17746,107,3,793.9300000000001
17748,163,1,358.15
17749,182,1,351.66
17751,57,1,157.85999999999999
17753,100,4,390.56
17754,10,8,2805.27
17756,11,3,733.7
17757,4,28,3817.16
17758,63,4,1555.83
17759,29,2,441.92
17760,9,5,631.34
17762,92,1,129.75
17763,289,3,71.15
17764,38,3,803.82
17765,84,1,131.92
17766,17,2,299.61
17767,46,1,141.85
17768,23,4,1236.33
17769,19,7,3105.1
17771,72,2,137.6
17772,28,1,202.0
17773,150,2,585.27
17774,33,5,2101.64
17776,22,2,336.56
17778,297,1,197.70000000000002
17780,303,3,352.91
17782,18,2,679.02
17783,148,1,96.44
17784,186,1,112.86
17785,81,2,271.44
17787,7,1,736.28
17789,297,1,171.25
17790,14,6,816.06
17792,103,2,370.05
17794,322,2,147.3
17796,5,4,664.09
17797,31,5,1205.44
17798,217,1,183.09
17799,25,10,3283.96
17801,87,3,798.3299999999999
17802,8,8,3768.08
17803,28,1,184.66
17804,12,3,385.23
17805,246,1,92.16
17807,31,3,432.87
17808,184,4,262.64
17809,7,11,5925.4800000000005
17810,304,2,355.81
17811,10,8,1767.07
17812,4,4,433.73
17814,11,2,1556.84
17815,29,1,591.96
17816,1,3,75.76
17817,14,3,420.17
17818,373,1,130.18
17819,7,6,2907.65
17820,10,1,183.56
17821,42,1,334.62
17822,56,5,2186.5
17823,57,2,488.25
17825,234,4,725.6
17826,10,1,134.59
17827,257,1,392.59
17829,45,4,3867.5
17833,359,1,342.36
17834,50,2,652.95
17838,1,10,3933.52
17840,79,1,185.72
17841,1,91,28340.5
17842,238,1,430.69
17843,47,1,120.75
17845,191,4,593.19
17847,151,2,129.69
17848,53,21,2613.18
17849,116,4,407.96
17850,8,155,50855.270000000004
17851,58,6,1563.34
17852,24,3,548.87
17853,43,3,1608.19
17854,98,4,759.19
17855,8,1,208.97
17857,1,2,650.54
17858,5,19,7065.02
17860,4,4,737.14
17861,21,10,3023.89
17862,21,3,946.1899999999999
17863,5,7,2585.2
17864,21,2,326.82
17865,11,26,15845.07
17866,120,2,805.3000000000001
17867,46,9,391.8
17868,22,1,234.65
17869,4,3,567.98
17870,2,2,1060.8
17871,33,4,963.09
17872,17,1,235.87
17873,9,14,4656.72
17875,324,1,167.1
17876,35,3,1006.56
17878,31,2,1032.88
17880,275,2,366.0
17882,15,2,313.46
17883,175,3,324.08
17884,4,18,2355.44
17886,73,3,692.77
17888,10,17,1094.39
17889,10,5,571.0
17894,2,11,1324.57
17897,3,8,1967.4
17898,88,2,146.12
17901,157,2,119.69999999999999
17902,182,1,204.88
17903,30,1,381.09000000000003
17905,9,10,1386.6299999999999
17907,276,1,110.32000000000001
17908,9,5,1138.26
17909,373,1,132.55
17910,362,1,261.7
17912,11,1,64.49
17913,36,12,3068.04
17915,187,1,242.13
17916,264,2,43.87
17918,136,3,396.39
17919,74,1,536.28
17920,4,39,20304.36
17921,15,6,1581.98
17922,179,1,170.4
17923,163,2,289.5
17924,9,2,574.2
17925,8,1,244.08
17926,80,3,638.2
17927,357,1,294.0
17928,207,1,128.7
17929,23,8,2239.1
17930,29,8,2353.3
17931,33,12,3025.93
17933,268,1,114.69
17934,42,1,344.90000000000003
17935,36,5,540.35
17938,56,1,144.29
17940,81,6,1073.35
17941,226,3,817.6800000000001
17944,59,1,75.41
17945,332,3,360.35
17949,7,74,25648.579999999998
17950,1,6,949.61
17951,9,2,627.5400000000001
17952,14,4,817.61
17953,176,1,160.82
17954,3,9,1633.33
17955,291,2,300.04
17958,364,1,465.42
17959,228,1,115.75000000000001
17960,158,2,61.300000000000004
17961,8,62,1685.1
17962,185,3,584.59
17963,107,4,644.51
17964,8,1,261.76
17965,1,17,4613.41
17966,227,5,875.99
17967,7,2,234.22
17968,9,4,610.6899999999999
17969,138,18,2110.7400000000002
17971,184,1,161.94
17974,17,3,1117.27
17975,2,12,2538.02
17976,8,1,353.19
17977,36,1,1267.49
17978,1,4,874.36
17980,29,1,221.97
17981,46,1,239.12
17982,316,1,138.18
17983,31,1,171.71
17984,28,4,1036.59
17987,12,4,805.07
17988,123,7,288.42
17989,15,1,228.82999999999998
17990,16,3,896.77
17991,227,1,222.2
17992,25,1,254.13
17993,253,1,235.19
17994,24,7,1560.35
17995,18,2,419.38
17996,15,3,482.33
17998,16,3,608.24
17999,2,2,346.84
18000,200,1,124.25
18001,85,4,536.61
18002,11,4,229.92
18003,12,1,358.61
18006,17,3,553.1800000000001
18007,28,1,218.32
18008,51,14,4793.76
18009,178,7,1896.49
18011,9,2,423.24
18012,359,1,96.3
18016,46,2,476.90000000000003
18017,67,1,165.0
18018,35,2,175.85
18020,179,1,189.48000000000002
18021,145,2,227.06
18022,21,4,983.68
18025,15,6,1177.72
18026,136,2,2074.07
18028,219,1,192.05
18029,278,1,433.77
18031,14,1,462.09999999999997
18034,11,1,370.82
18035,21,2,546.34
18036,21,8,1151.02
18037,57,9,90.39999999999999
18038,192,1,144.41
18039,10,4,579.17
18041,1,20,4567.99
18042,177,1,116.1
18043,2,1,316.46
18044,23,8,1417.01
18046,285,1,164.63
18047,17,2,342.69
18048,129,1,229.44
18049,73,2,556.52
18050,29,1,337.66
18051,270,7,2282.28
18052,200,1,1512.0
18053,161,2,271.05
18054,28,1,176.5
18055,3,6,4373.38
18056,254,1,190.95
18057,29,3,1203.56
18058,177,2,603.9
18060,44,2,1185.46
18061,2,19,4268.04
18062,22,3,912.15
18063,26,2,186.60000000000002
18064,82,9,3640.23
18065,24,15,3451.75
18066,22,2,1122.4
18069,19,6,2503.89
18070,305,1,314.1
18071,1,5,975.63
18074,9,2,1019.44
18075,10,10,3155.54
18076,16,1,151.49
18077,2,8,1705.55
18078,61,2,508.47
18079,127,1,447.9
18083,33,1,468.72999999999996
18084,19,2,523.8
18085,9,3,955.8000000000001
18087,15,15,10154.46
18089,82,1,418.45
18090,57,1,349.4
18091,229,1,360.85
18092,1,8,6299.700000000001
18093,80,4,2274.19
18094,82,6,3374.2200000000003
18095,63,3,1723.04
18096,78,3,894.13
18097,21,5,1961.52
18098,32,1,550.84
18100,186,1,451.56
18101,10,3,395.51
18102,1,89,204166.77
18103,185,1,105.8
18106,112,5,1030.76
18107,78,1,165.13
18108,232,2,577.8100000000001
18109,5,13,1840.99
18110,47,1,199.13
18111,225,1,403.85
18112,54,2,423.27
18113,4,1,76.32000000000001
18115,333,1,9.700000000000001
18116,12,5,734.27
18118,5,4,1075.4
18119,3,1,181.12
18123,149,1,95.15
18124,108,1,111.53
18127,39,1,212.8
18128,173,1,420.04
18131,267,1,171.11999999999998
18132,140,1,226.9
18134,234,2,445.0
18135,28,5,567.71
18136,45,2,847.03
18137,187,2,145.99
18140,109,1,536.41
18141,37,2,882.47
18144,9,8,2142.05
18145,18,7,2752.2400000000002
18148,282,1,114.10000000000001
18149,40,4,1012.63
18151,56,4,1149.09
18152,282,1,424.69
18153,295,1,246.22
18154,24,3,533.41
18156,5,1,206.23000000000002
18157,207,1,213.35
18160,22,1,365.82
18161,15,1,184.41
18162,368,1,379.16
18163,220,1,728.84
18166,259,1,175.5
18168,8,11,2600.33
18170,10,6,1893.69
18171,106,4,1136.0
18172,23,32,9625.11
18173,248,1,589.52
18174,239,1,58.5
18175,311,1,176.1
18177,196,3,875.45
18178,38,7,4487.93
18179,158,2,520.38
18181,36,4,823.14
18182,99,1,291.13
18186,358,1,329.58
18187,267,1,724.89
18188,66,3,1279.55
18189,261,1,313.49
18190,239,3,461.16
18191,113,1,321.59999999999997
18193,16,2,921.59
18194,74,5,3165.7000000000003
18195,23,1,101.16
18196,107,2,774.18
18197,211,1,230.1
18199,319,1,344.75
18201,358,1,447.53000000000003
18203,17,3,344.0
18206,189,1,314.65999999999997
18207,135,1,540.47
18208,201,1,355.08
18210,18,1,147.45
18212,313,1,298.3
18214,166,4,1780.34
18215,73,4,1948.15
18217,149,2,323.29
18218,232,2,479.91999999999996
18219,4,8,1493.1200000000001
18220,30,5,1616.48
18221,26,1,383.33
18223,23,12,7516.31
18225,1,15,7545.139999999999
18226,14,15,6345.83
18227,120,1,14.95
18229,2,10,3526.81
18230,14,2,1480.8600000000001
18231,42,23,4797.7
18234,187,1,179.6
18236,24,6,913.11
18238,151,1,270.92
18239,8,2,586.75
18241,51,4,913.9
18242,81,4,1372.72
18243,50,1,515.78
18244,66,2,454.71999999999997
18245,15,13,3757.92
18246,245,1,162.72
18247,50,3,839.73
18251,81,8,10991.48
18252,184,5,1015.42
18253,278,1,317.88
18254,217,1,267.9
18255,92,1,199.85
18256,23,1,110.7
18257,82,4,2262.47
18258,100,6,2059.67
18259,2,5,1979.6000000000001
18260,10,17,6681.21
18262,29,2,428.06
18264,134,1,603.25
18266,70,1,251.1
18267,308,1,269.37
18268,227,5,1464.73
18269,2,1,168.6
18270,68,1,161.4
18271,245,2,680.85
18272,184,3,1307.4
18273,226,1,153.0
18275,214,2,741.85
18276,28,5,1320.66
18277,33,4,1004.6700000000001
18278,40,1,240.3
18279,155,1,231.33999999999997
18280,30,1,307.55
18281,213,1,120.32
18283,18,6,641.77
18284,67,1,426.63
18285,296,1,391.95
18286,112,2,1231.38
18287,18,4,2310.66
