CustomerID,Recency,Frequency,Monetary,Is_Redeemer,TotalReturns
12636.0,374,1,14.95,0,0.0
12362.0,374,1,14.95,0,0.0
17592.0,374,1,148.3,0,1.0
17056.0,374,1,128.60000000000002,0,0.0
14654.0,374,1,246.86,0,0.0
13526.0,374,2,1006.3199999999999,0,2.0
16763.0,374,1,352.85,0,0.0
17087.0,373,1,221.53,0,0.0
14799.0,373,1,166.05,0,0.0
17818.0,373,1,130.18,0,0.0
15833.0,373,1,80.4,0,0.0
17909.0,373,1,132.55,0,0.0
17606.0,373,1,87.30000000000001,0,0.0
14106.0,373,1,214.79999999999998,0,0.0
14980.0,373,1,150.68,0,0.0
17660.0,373,1,163.47,0,0.0
14483.0,372,1,120.0,0,0.0
16301.0,372,1,107.33,0,0.0
14347.0,372,1,82.6,0,0.0
12934.0,372,1,116.65,0,0.0
13416.0,372,1,228.3,0,0.0
15794.0,372,2,777.0,0,0.0
17271.0,372,1,210.39,0,0.0
14750.0,372,1,112.03,0,0.0
16645.0,371,1,160.39,0,0.0
16192.0,371,1,351.3,0,0.0
15999.0,371,1,20.4,0,0.0
14979.0,371,1,439.46,0,0.0
16541.0,371,1,414.03,0,1.0
17151.0,371,1,231.90000000000003,0,0.0
16410.0,370,1,130.32,0,0.0
16277.0,369,1,186.69,0,0.0
14133.0,369,1,249.5,0,0.0
14468.0,369,1,204.24,0,0.0
16964.0,369,2,207.85,0,0.0
14717.0,369,1,81.3,0,1.0
15479.0,369,1,147.4,0,0.0
14123.0,369,1,436.18,0,0.0
14003.0,368,1,209.41,0,0.0
17557.0,368,1,34.0,0,0.0
15115.0,368,1,191.74,0,1.0
14955.0,368,1,163.77,0,0.0
13905.0,368,1,312.65,0,2.0
14574.0,368,1,143.70000000000002,0,0.0
18162.0,368,1,379.16,0,0.0
17441.0,368,1,293.35,0,0.0
14670.0,368,1,190.47,0,0.0
12443.0,368,1,410.15999999999997,0,0.0
13025.0,367,1,323.39,0,0.0
15162.0,367,1,312.9,0,1.0
13204.0,367,1,959.6600000000001,0,0.0
15924.0,367,1,102.82,0,0.0
14108.0,367,2,447.05,0,0.0
17178.0,367,1,426.71,0,0.0
17329.0,367,3,481.32,0,0.0
13114.0,366,1,234.38,0,0.0
12487.0,366,1,285.29999999999995,0,1.0
13672.0,366,1,233.53000000000003,0,0.0
12948.0,366,2,252.48000000000002,0,0.0
15302.0,366,1,306.0,0,1.0
14171.0,366,1,135.0,0,0.0
17296.0,366,1,336.13,0,0.0
13498.0,366,1,327.38,0,0.0
15209.0,366,1,178.98000000000002,0,0.0
15085.0,365,1,347.54,0,0.0
15642.0,365,1,105.78000000000002,0,0.0
16459.0,365,1,71.78999999999999,0,0.0
13091.0,365,2,777.9300000000001,0,2.0
16663.0,365,1,165.0,0,0.0
12979.0,365,1,513.7,0,1.0
16901.0,365,1,199.26,0,0.0
17344.0,364,1,307.54,0,1.0
17487.0,364,1,155.55,0,0.0
17958.0,364,1,465.42,0,0.0
13768.0,362,2,875.97,0,6.0
15503.0,362,1,120.06,0,0.0
16127.0,362,1,145.06,0,0.0
17066.0,362,1,228.34,0,0.0
13087.0,362,1,313.64,0,0.0
17910.0,362,1,261.7,0,0.0
14977.0,361,1,31.929999999999996,0,0.0
15534.0,361,1,162.25,0,0.0
17318.0,361,1,164.28,0,0.0
15188.0,361,1,310.43,0,0.0
14042.0,361,1,431.98,0,0.0
16280.0,361,1,238.05,0,0.0
16064.0,361,1,111.0,0,0.0
12992.0,361,1,93.35000000000001,0,0.0
15672.0,361,1,45.300000000000004,0,0.0
13000.0,361,1,497.65000000000003,0,1.0
17012.0,361,1,384.16,0,0.0
17067.0,360,3,454.54,0,0.0
12941.0,360,1,377.49,0,0.0
16605.0,360,1,60.48,0,0.0
13289.0,359,1,305.95,0,0.0
15499.0,359,1,161.6,0,0.0
18012.0,359,1,96.3,0,0.0
17833.0,359,1,342.36,0,0.0
16195.0,359,1,323.25,0,0.0
15577.0,359,2,139.1,0,0.0
16694.0,359,1,73.30000000000001,0,0.0
18201.0,358,1,447.53000000000003,0,0.0
18186.0,358,1,329.58,0,0.0
16139.0,358,2,475.74,0,0.0
14095.0,358,1,2.95,0,0.0
16908.0,358,1,252.59,0,1.0
17103.0,358,1,424.3,0,0.0
16439.0,358,1,310.70000000000005,0,0.0
17927.0,357,1,294.0,0,0.0
16222.0,357,1,497.5,0,0.0
15409.0,357,1,131.25,0,1.0
13847.0,355,1,309.72,0,0.0
13111.0,354,1,321.88000000000005,0,0.0
14969.0,339,1,906.23,0,0.0
14954.0,339,1,167.27,0,0.0
16641.0,337,1,323.40000000000003,0,0.0
15324.0,337,1,140.22000000000003,0,0.0
15152.0,337,1,518.14,0,1.0
16109.0,334,1,327.6,0,1.0
18115.0,333,1,9.700000000000001,0,0.0
17945.0,332,3,360.35,0,0.0
13622.0,332,1,656.95,0,1.0
14241.0,332,1,120.0,0,0.0
17352.0,332,1,36.25,0,0.0
14137.0,331,1,332.7,0,1.0
16304.0,330,1,381.66,0,0.0
12860.0,329,1,55.47,0,0.0
15413.0,327,5,6333.6,0,2.0
13907.0,327,1,136.8,0,0.0
14892.0,326,1,202.35000000000002,0,0.0
15375.0,326,1,60.959999999999994,0,0.0
15697.0,325,1,246.75,0,0.0
16867.0,325,1,76.74000000000001,0,0.0
12470.0,325,1,210.95,0,0.0
14472.0,325,1,290.38,0,0.0
13315.0,325,1,310.26,0,0.0
17245.0,325,1,200.18,0,0.0
14983.0,325,1,183.20000000000002,0,0.0
13457.0,324,2,148.22,0,2.0
17875.0,324,1,167.1,0,0.0
14207.0,323,1,157.8,0,0.0
17794.0,322,2,147.3,0,0.0
14274.0,322,1,256.6,0,0.0
12531.0,322,1,1780.53,0,1.0
16822.0,322,1,181.39,0,2.0
12956.0,320,3,413.82,0,0.0
13036.0,320,1,307.1,0,0.0
14879.0,320,1,185.06,0,0.0
14070.0,320,1,311.55,0,0.0
14751.0,320,2,126.45,0,0.0
14519.0,319,2,206.09,0,0.0
18199.0,319,1,344.75,0,1.0
14376.0,319,1,215.46,0,0.0
12439.0,318,2,1158.18,0,1.0
16481.0,318,1,453.38,0,2.0
12606.0,318,1,14.95,0,0.0
12404.0,318,1,14.95,0,0.0
12466.0,318,1,14.95,0,0.0
12555.0,318,1,14.95,0,0.0
16291.0,318,1,14.95,0,0.0
12846.0,318,1,14.95,0,0.0
16047.0,318,1,14.95,0,0.0
15959.0,318,3,564.49,0,0.0
14380.0,318,1,14.95,0,1.0
14079.0,318,1,14.95,0,0.0
12570.0,318,1,14.95,0,0.0
16051.0,317,1,188.44,0,0.0
12869.0,317,1,337.66999999999996,0,0.0
17982.0,316,1,138.18,0,0.0
14613.0,316,1,76.32000000000001,0,0.0
14831.0,316,3,1676.57,0,4.0
16137.0,316,1,422.7,0,0.0
13085.0,315,6,2017.2,0,1.0
15487.0,315,1,231.32,0,0.0
16802.0,315,2,582.61,0,0.0
13583.0,315,1,664.001,0,0.0
16673.0,315,1,188.83,0,0.0
15588.0,313,1,579.6,0,0.0
13392.0,313,1,91.14,0,0.0
15338.0,313,1,283.43,0,0.0
18212.0,313,1,298.3,0,0.0
14637.0,313,1,106.67999999999999,0,0.0
15317.0,313,1,129.75,0,1.0
15022.0,313,1,281.05,0,0.0
13511.0,312,1,251.76000000000002,0,1.0
17361.0,312,2,392.44,0,0.0
13628.0,312,1,310.14,0,0.0
18175.0,311,1,176.1,0,0.0
12848.0,311,1,208.0,0,0.0
15091.0,310,2,565.9,0,2.0
13553.0,310,1,516.8,0,0.0
13757.0,310,1,195.55,0,0.0
12396.0,310,1,931.43,0,0.0
15448.0,310,1,294.17,0,0.0
16834.0,310,1,485.5,0,0.0
14545.0,310,1,349.25,0,0.0
14497.0,309,1,221.69,0,0.0
14151.0,309,2,679.45,0,1.0
17328.0,309,1,104.7,0,0.0
18267.0,308,1,269.37,0,1.0
13234.0,308,2,356.95,0,0.0
13009.0,308,1,234.0,0,0.0
16714.0,306,1,368.27,0,2.0
16082.0,306,1,106.75,0,0.0
14884.0,305,1,120.6,0,0.0
18070.0,305,1,314.1,0,1.0
16078.0,305,1,283.79,0,0.0
17514.0,305,1,334.18,0,0.0
17647.0,305,2,198.6,0,0.0
13819.0,305,3,1502.0,0,1.0
17319.0,305,1,29.1,0,0.0
17294.0,305,2,467.78999999999996,0,0.0
15892.0,305,1,128.2,0,0.0
13119.0,304,1,134.9,0,0.0
15082.0,304,1,93.35000000000001,0,0.0
17810.0,304,2,355.81,0,1.0
16436.0,304,3,329.34,0,1.0
16530.0,304,1,48.349999999999994,0,0.0
15176.0,303,1,938.04,0,1.0
12776.0,303,1,42.45,0,0.0
17780.0,303,3,352.91,0,0.0
17575.0,303,1,171.7,0,0.0
13442.0,303,3,357.87,0,0.0
16577.0,302,1,380.0,0,0.0
15765.0,302,1,370.63,0,0.0
14072.0,302,1,390.85,0,0.0
14190.0,302,1,29.9,0,0.0
15244.0,302,1,223.51000000000002,0,1.0
13551.0,302,1,152.39999999999998,0,0.0
16978.0,302,2,374.55,0,0.0
15293.0,301,1,247.5,0,0.0
14103.0,301,1,0.0,0,0.0
14827.0,301,1,0.0,0,0.0
17108.0,299,1,174.95,0,0.0
16136.0,299,1,237.42,0,1.0
15964.0,299,1,272.96000000000004,0,0.0
14943.0,299,1,107.62,0,0.0
12426.0,298,1,750.28,0,1.0
15359.0,298,8,181.35,0,1.0
14238.0,298,2,287.38,0,0.0
17136.0,298,1,231.68,0,0.0
15371.0,298,1,59.400000000000006,0,0.0
17662.0,297,2,412.92,0,0.0
14989.0,297,1,342.4,0,0.0
17171.0,297,1,159.68,0,0.0
17778.0,297,1,197.70000000000002,0,0.0
17789.0,297,1,171.25,0,0.0
15662.0,297,2,283.73,0,0.0
18285.0,296,1,391.95,0,0.0
14244.0,296,1,305.94,0,1.0
14495.0,295,1,51.0,0,1.0
15693.0,295,1,37.5,0,0.0
17721.0,295,1,307.21000000000004,0,0.0
18153.0,295,1,246.22,0,0.0
14783.0,295,1,307.3,0,1.0
13604.0,294,1,711.62,0,1.0
13191.0,294,1,164.69,0,0.0
12416.0,292,1,202.56,0,0.0
15928.0,292,1,293.53,0,0.0
12945.0,292,1,437.16,0,0.0
14602.0,292,1,205.35999999999999,0,0.0
17955.0,291,2,300.04,0,0.0
14997.0,291,1,230.4,0,0.0
17439.0,291,1,325.74,0,0.0
13217.0,291,1,76.32000000000001,0,0.0
17195.0,291,1,562.98,0,0.0
14726.0,290,1,124.75,0,0.0
14558.0,290,3,643.5,0,2.0
15295.0,290,1,217.23999999999998,0,0.0
13490.0,290,1,154.25,0,0.0
14091.0,290,2,5460.08,0,0.0
16388.0,289,1,186.05,0,0.0
14284.0,289,1,702.4,0,0.0
17763.0,289,3,71.15,0,1.0
13765.0,289,1,342.821,0,0.0
13944.0,289,1,200.43,0,0.0
13469.0,289,1,82.4,0,0.0
16118.0,288,1,4338.09,0,4.0
14402.0,288,1,285.6,0,0.0
17207.0,288,1,303.21999999999997,0,0.0
16913.0,287,2,310.46999999999997,0,0.0
14459.0,287,1,3537.821,0,1.0
15477.0,285,1,368.4,0,0.0
18046.0,285,1,164.63,0,0.0
15943.0,285,2,271.28999999999996,0,0.0
17209.0,285,3,413.6,0,0.0
15219.0,284,1,379.7,0,0.0
14131.0,284,1,187.87,0,0.0
17305.0,284,1,1982.8200000000002,0,0.0
16273.0,284,2,336.03999999999996,0,0.0
17359.0,284,1,156.6,0,0.0
16731.0,284,1,174.05,0,0.0
15603.0,284,1,40.0,0,1.0
17116.0,284,1,389.78,0,0.0
15927.0,283,1,123.39,0,0.0
17011.0,283,2,400.8,0,1.0
17638.0,283,2,795.6,0,0.0
13793.0,282,1,96.0,0,0.0
18148.0,282,1,114.10000000000001,0,0.0
13294.0,282,1,775.79,0,0.0
18152.0,282,1,424.69,0,0.0
16285.0,282,1,176.9,0,0.0
15875.0,282,1,111.72,0,0.0
13879.0,281,1,395.5,0,0.0
17577.0,281,2,348.75,0,0.0
14018.0,281,1,367.15000000000003,0,0.0
17718.0,280,1,299.83,0,1.0
12568.0,280,1,66.95,0,0.0
14957.0,280,1,274.8,0,0.0
15630.0,280,1,295.05,0,0.0
15929.0,280,1,594.0,0,0.0
13508.0,278,1,176.07999999999998,0,0.0
18253.0,278,1,317.88,0,0.0
15631.0,278,1,596.67,0,0.0
18029.0,278,1,433.77,0,0.0
16534.0,278,1,603.9,0,0.0
14369.0,278,2,469.13,0,0.0
17542.0,277,2,170.95,0,0.0
12514.0,277,1,580.08,0,0.0
14173.0,277,2,135.16,0,1.0
16537.0,277,1,23.35,0,0.0
17488.0,277,1,336.5,0,0.0
16681.0,277,1,151.5,0,0.0
13454.0,277,1,219.87,0,0.0
15250.0,276,1,60.0,0,0.0
13641.0,276,5,957.32,0,2.0
15437.0,276,1,193.29000000000002,0,0.0
12495.0,276,1,307.3,0,1.0
17907.0,276,1,110.32000000000001,0,0.0
12638.0,275,1,199.7,0,0.0
13413.0,275,6,429.44,0,2.0
17880.0,275,2,366.0,0,0.0
15558.0,275,1,212.13,0,1.0
12954.0,274,1,162.45,0,0.0
17065.0,273,2,194.7,0,0.0
12692.0,273,1,110.95,0,0.0
15941.0,273,1,405.0,0,1.0
13724.0,273,1,213.01,0,0.0
16911.0,271,2,255.25,0,1.0
13688.0,271,1,375.5,0,0.0
14645.0,270,1,279.8,0,1.0
13543.0,270,2,1439.6100000000001,0,0.0
18051.0,270,7,2282.28,0,1.0
13530.0,270,1,402.97999999999996,0,0.0
13600.0,270,1,298.9,0,0.0
14669.0,269,4,1973.94,0,0.0
12366.0,269,1,500.24,0,0.0
14873.0,269,1,334.45,0,0.0
14604.0,269,1,143.85999999999999,0,0.0
12703.0,269,3,707.73,0,2.0
17568.0,269,1,382.79,0,0.0
17479.0,268,1,389.26000000000005,0,0.0
13612.0,268,1,818.29,0,1.0
13902.0,268,5,2155.54,0,3.0
17933.0,268,1,114.69,0,0.0
16917.0,268,1,1342.31,0,1.0
15775.0,267,1,45.6,0,0.0
18131.0,267,1,171.11999999999998,0,0.0
18187.0,267,1,724.89,0,2.0
15918.0,267,1,248.65,0,0.0
15496.0,267,1,146.14000000000001,0,0.0
13128.0,267,1,263.5,0,0.0
16569.0,267,4,1331.03,0,0.0
16716.0,266,1,1248.48,0,0.0
15760.0,266,2,29.9,0,3.0
14851.0,266,1,318.06,0,0.0
16452.0,266,2,332.17,0,0.0
16508.0,266,1,248.8,0,0.0
14832.0,266,1,14.95,0,2.0
17916.0,264,2,43.87,0,0.0
17472.0,264,1,224.81,0,0.0
17285.0,264,2,428.34,0,0.0
17587.0,264,1,181.66,0,0.0
16397.0,264,1,122.88,0,0.0
12796.0,264,1,380.9,0,0.0
12368.0,264,1,917.6999999999999,0,0.0
14928.0,263,1,223.91000000000003,0,1.0
13482.0,263,1,151.45,0,0.0
12533.0,263,2,1343.49,0,4.0
13706.0,262,1,296.38,0,0.0
14596.0,262,1,204.47,0,0.0
16296.0,262,4,1313.67,0,2.0
16970.0,262,1,71.4,0,0.0
16578.0,262,1,156.6,0,0.0
16615.0,262,1,291.5,0,1.0
12918.0,262,1,14.95,0,2.0
13445.0,262,1,241.89999999999998,0,0.0
14762.0,262,1,117.05000000000001,0,0.0
16321.0,262,2,230.9,0,1.0
15869.0,262,1,174.02,0,0.0
13896.0,261,1,388.55,0,0.0
13151.0,261,2,1320.8700000000001,0,1.0
18189.0,261,1,313.49,0,1.0
16077.0,261,1,1515.6000000000001,0,1.0
12742.0,261,1,1141.04,0,1.0
16002.0,261,1,169.21,0,0.0
16741.0,261,1,173.06,0,0.0
17072.0,261,1,282.05,0,0.0
12663.0,260,2,230.25,0,1.0
13459.0,260,2,1160.4099999999999,0,0.0
15374.0,260,1,139.32,0,0.0
12370.0,260,3,624.32,0,0.0
16090.0,260,1,205.91,0,0.0
17301.0,260,1,132.8,0,0.0
12373.0,260,2,662.85,0,0.0
15698.0,260,1,46.2,0,0.0
13187.0,260,3,130.99,0,1.0
14330.0,259,1,200.63,0,0.0
15911.0,259,8,1702.34,0,2.0
18166.0,259,1,175.5,0,0.0
14537.0,259,1,285.84000000000003,0,1.0
14074.0,259,1,219.39999999999998,0,0.0
17371.0,259,3,238.66,0,0.0
15552.0,259,1,162.4,0,0.0
15848.0,257,1,137.94,0,0.0
13825.0,257,2,255.59,0,0.0
13053.0,257,1,127.65,0,0.0
17827.0,257,1,392.59,0,1.0
14378.0,257,1,131.25,0,0.0
17731.0,257,2,468.88,0,0.0
14771.0,257,2,594.62,0,1.0
15231.0,257,1,250.26,0,1.0
16666.0,257,1,106.96000000000001,0,0.0
14809.0,257,2,686.76,0,0.0
16502.0,256,2,249.5,0,0.0
12496.0,256,2,54.09,0,0.0
13412.0,256,1,483.34999999999997,0,0.0
12861.0,255,1,68.25,0,0.0
14935.0,255,1,1065.12,0,0.0
15029.0,255,1,365.1,0,1.0
15575.0,255,1,30.1,0,0.0
17586.0,255,1,167.4,0,0.0
17217.0,255,1,104.5,0,0.0
15742.0,255,1,154.87,0,0.0
14890.0,254,2,691.6,0,0.0
15216.0,254,1,389.49,0,0.0
14706.0,254,1,390.69,0,0.0
13179.0,254,1,572.3100000000001,0,0.0
16212.0,254,2,603.37,0,0.0
18056.0,254,1,190.95,0,1.0
16845.0,254,1,253.88,0,0.0
15454.0,254,1,128.59,0,0.0
16847.0,254,1,421.45000000000005,0,0.0
15573.0,254,3,599.73,0,0.0
16704.0,254,2,667.66,0,0.0
13219.0,254,1,76.23,0,0.0
14643.0,253,3,906.08,0,0.0
14893.0,253,1,571.76,0,3.0
15689.0,253,1,266.93,0,0.0
16377.0,253,1,230.04000000000002,0,0.0
17603.0,253,3,1398.76,0,3.0
17539.0,253,4,1224.52,0,3.0
14200.0,253,1,379.2,0,0.0
17993.0,253,1,235.19,0,0.0
15863.0,253,3,289.86,0,0.0
14694.0,253,1,244.31,0,0.0
17477.0,248,2,1144.3,0,3.0
18173.0,248,1,589.52,0,0.0
15770.0,248,1,321.45,0,0.0
13071.0,248,1,129.22,0,0.0
14990.0,248,2,305.42,0,0.0
16941.0,247,1,33.0,0,0.0
12711.0,247,2,1317.7,0,0.0
13727.0,247,6,626.57,0,1.0
15112.0,247,1,209.4,0,0.0
12821.0,247,1,128.07999999999998,0,0.0
13640.0,247,1,405.0,0,0.0
13852.0,246,1,187.35000000000002,0,1.0
15309.0,246,4,797.96,0,6.0
13712.0,246,1,507.34000000000003,0,0.0
15613.0,246,1,393.48,0,0.0
14160.0,246,7,8309.57,0,0.0
17805.0,246,1,92.16,0,0.0
14924.0,246,2,555.96,0,0.0
13163.0,246,1,17.65,0,1.0
17529.0,246,2,1233.25,0,0.0
13197.0,245,1,323.01,0,0.0
18271.0,245,2,680.85,0,0.0
18246.0,245,1,162.72,0,0.0
16944.0,245,1,101.36,0,0.0
15223.0,245,3,662.2,0,0.0
12786.0,245,1,728.3000000000001,0,0.0
15326.0,245,4,1367.81,0,5.0
13180.0,243,1,86.10000000000001,0,0.0
15524.0,242,1,151.4,0,0.0
16454.0,242,2,24.05,0,3.0
14791.0,242,1,303.63,0,0.0
15546.0,242,2,1079.1000000000001,0,1.0
15917.0,242,4,431.53000000000003,0,0.0
12671.0,242,1,2582.161,0,0.0
14172.0,241,3,400.72,0,1.0
12459.0,241,1,428.26,0,0.0
15982.0,241,1,324.51,0,0.0
15265.0,240,2,1839.52,0,0.0
17039.0,240,1,1944.99,0,0.0
16442.0,240,2,282.68,0,0.0
15771.0,240,3,1006.54,0,0.0
18190.0,239,3,461.16,0,0.0
13388.0,239,1,506.55,0,0.0
18174.0,239,1,58.5,0,0.0
17678.0,239,1,291.65,0,1.0
14068.0,239,3,1262.52,0,1.0
13661.0,239,1,325.24,0,0.0
13287.0,239,3,781.59,0,4.0
16840.0,239,2,139.85,0,1.0
15354.0,239,3,44.849999999999994,0,4.0
12969.0,238,1,122.45,0,0.0
15979.0,238,1,329.22,0,0.0
17626.0,238,1,254.0,0,0.0
17842.0,238,1,430.69,0,0.0
13285.0,236,2,655.47,0,0.0
13286.0,236,1,730.91,0,0.0
14845.0,235,1,36.0,0,0.0
17474.0,235,1,1047.0,0,0.0
15273.0,235,1,152.64000000000001,0,0.0
15682.0,235,2,318.24,0,1.0
16548.0,235,1,30.15,0,0.0
12780.0,234,1,337.34999999999997,0,0.0
15970.0,234,1,703.22,0,0.0
17825.0,234,4,725.6,0,0.0
14812.0,234,1,185.8,0,0.0
12983.0,234,1,490.08000000000004,0,0.0
13042.0,234,3,1549.54,0,1.0
18134.0,234,2,445.0,0,0.0
13753.0,234,3,1353.31,0,0.0
15695.0,233,2,717.06,0,0.0
17622.0,233,2,1130.21,0,1.0
15455.0,233,1,38.25,0,0.0
17681.0,233,5,731.2,0,1.0
13308.0,232,1,284.86,0,0.0
18108.0,232,2,577.8100000000001,0,0.0
13625.0,232,1,301.26,0,0.0
13935.0,232,3,6070.52,0,0.0
14917.0,232,2,1108.63,0,0.0
13698.0,232,2,415.53,0,0.0
18218.0,232,2,479.91999999999996,0,0.0
14556.0,232,3,835.34,0,0.0
17729.0,232,1,436.65000000000003,0,0.0
17240.0,232,1,130.6,0,0.0
14788.0,232,1,476.88,0,0.0
17057.0,232,1,294.74,0,0.0
12672.0,231,1,211.05,0,1.0
14522.0,231,4,784.08,0,0.0
15474.0,231,1,163.1,0,0.0
16028.0,231,1,82.2,0,0.0
15548.0,231,1,152.09,0,0.0
15042.0,231,1,179.52,0,0.0
14958.0,231,3,456.26,0,0.0
16585.0,229,2,341.59,0,0.0
16068.0,229,1,122.93,0,0.0
18091.0,229,1,360.85,0,0.0
13609.0,229,1,141.35,0,0.0
13762.0,229,4,2085.12,0,0.0
14677.0,228,1,184.91,0,0.0
17093.0,228,1,235.88,0,0.0
14743.0,228,1,50.48,0,0.0
14773.0,228,1,140.55,0,1.0
12925.0,228,1,35.28,0,0.0
14999.0,228,1,129.48000000000002,0,0.0
15586.0,228,3,1078.62,0,1.0
17715.0,228,1,122.39999999999999,0,0.0
17959.0,228,1,115.75000000000001,0,0.0
13781.0,228,2,650.99,0,1.0
17966.0,227,5,875.99,0,0.0
17221.0,227,3,643.39,0,0.0
16543.0,227,1,292.21,0,1.0
17185.0,227,3,229.46,0,0.0
17991.0,227,1,222.2,0,0.0
16749.0,227,2,4363.88,0,0.0
12392.0,227,1,234.75000000000003,0,0.0
16408.0,227,1,231.93,0,0.0
16267.0,227,1,186.66,0,0.0
17035.0,227,2,180.06,0,0.0
18268.0,227,5,1464.73,0,1.0
14471.0,227,2,400.95,0,0.0
17941.0,226,3,817.6800000000001,0,0.0
16461.0,226,2,1463.8,0,0.0
13775.0,226,1,1049.66,0,0.0
18273.0,226,1,153.0,0,0.0
16447.0,226,2,515.13,0,0.0
14724.0,226,1,335.25,0,0.0
12717.0,226,1,242.88000000000002,0,0.0
17605.0,226,1,160.75,0,0.0
15445.0,226,1,171.0,0,0.0
12698.0,226,1,330.59999999999997,0,0.0
14403.0,225,2,404.7,0,2.0
18111.0,225,1,403.85,0,1.0
15954.0,225,1,190.75,0,0.0
15709.0,225,1,192.6,0,0.0
14650.0,224,1,62.5,0,0.0
15818.0,224,1,340.5,0,0.0
14683.0,224,1,146.56,0,0.0
16651.0,222,1,136.2,0,0.0
17565.0,222,1,131.83,0,0.0
15229.0,222,1,160.5,0,0.0
12507.0,220,1,500.09999999999997,0,0.0
13143.0,220,1,405.1,0,1.0
16450.0,220,2,1193.81,0,1.0
12503.0,220,1,245.35,0,0.0
18163.0,220,1,728.84,0,1.0
15391.0,220,1,289.87,0,1.0
16526.0,220,1,414.85,0,0.0
13039.0,220,4,1010.73,0,0.0
15396.0,219,1,508.20000000000005,0,0.0
13393.0,219,4,1131.45,0,2.0
16135.0,219,1,301.9,0,0.0
16415.0,219,2,509.09000000000003,0,0.0
18028.0,219,1,192.05,0,0.0
15868.0,219,1,94.53,0,0.0
15097.0,219,2,660.27,0,2.0
13400.0,218,1,310.83,0,1.0
15591.0,218,3,217.9,0,0.0
13175.0,218,2,781.4499999999999,0,2.0
16366.0,218,3,1220.83,0,0.0
17199.0,218,1,145.12,0,0.0
13974.0,218,1,264.13,0,2.0
14826.0,217,2,385.2,0,0.0
15423.0,217,2,222.39,0,1.0
17225.0,217,1,131.15,0,0.0
17798.0,217,1,183.09,0,0.0
13830.0,217,1,152.85000000000002,0,1.0
14814.0,217,1,160.46,0,0.0
18254.0,217,1,267.9,0,0.0
15797.0,217,2,613.6800000000001,0,0.0
17028.0,217,3,1591.83,0,0.0
17400.0,217,3,2547.09,0,0.0
13007.0,215,1,175.25,0,0.0
14474.0,215,1,730.42,0,0.0
15109.0,215,2,498.15000000000003,0,0.0
14678.0,215,1,401.39,0,1.0
13051.0,214,2,155.8,0,0.0
14941.0,214,1,182.1,0,0.0
14361.0,214,1,214.70999999999998,0,0.0
13407.0,214,3,2244.7,0,3.0
17169.0,214,1,320.95,0,1.0
17579.0,214,1,278.38,0,0.0
17563.0,214,2,392.38,0,3.0
14588.0,214,1,135.39,0,0.0
18275.0,214,2,741.85,0,0.0
17077.0,214,1,306.0,0,0.0
16323.0,213,1,146.16,0,0.0
16737.0,213,1,208.79999999999998,0,0.0
14055.0,213,2,795.3199999999999,0,0.0
18281.0,213,1,120.32,0,0.0
13695.0,213,1,266.6,0,0.0
13943.0,213,1,246.54,0,0.0
16419.0,213,2,490.19,0,0.0
16487.0,213,2,209.4,0,0.0
16846.0,213,2,628.09,0,0.0
13222.0,213,1,88.5,0,0.0
16805.0,213,3,636.6,0,0.0
14391.0,212,1,135.6,0,0.0
12905.0,212,2,1016.42,0,1.0
13834.0,212,2,322.19,0,1.0
12580.0,212,1,628.05,0,0.0
17016.0,212,1,550.4,0,0.0
14685.0,212,8,4614.79,0,5.0
17484.0,212,2,209.57,0,0.0
15405.0,212,1,306.74,0,0.0
15149.0,212,4,822.66,0,0.0
12482.0,212,29,19332.66,0,3.0
15470.0,211,1,63.419999999999995,0,0.0
14039.0,211,1,115.08000000000001,0,0.0
16088.0,211,2,1437.43,0,0.0
13220.0,211,1,516.8,0,0.0
18197.0,211,1,230.1,0,1.0
12549.0,211,6,1424.48,0,0.0
15597.0,211,1,238.8,0,0.0
12894.0,211,1,152.35,0,0.0
15478.0,211,1,583.56,0,0.0
13473.0,210,6,2235.12,0,1.0
17113.0,210,6,2312.59,0,2.0
16922.0,208,1,610.08,0,0.0
16507.0,208,1,152.76,0,0.0
14982.0,208,1,237.78,0,0.0
12920.0,207,3,323.86,0,0.0
13432.0,207,2,439.1,0,0.0
18157.0,207,1,213.35,0,0.0
14017.0,207,1,229.75,0,0.0
17928.0,207,1,128.7,0,0.0
15282.0,206,1,348.59,0,0.0
14325.0,205,1,245.48000000000002,0,0.0
14598.0,205,1,162.07,0,1.0
15157.0,205,2,713.56,0,0.0
13164.0,205,2,372.2,0,1.0
17184.0,205,2,198.41000000000003,0,0.0
16564.0,205,1,87.8,0,0.0
12837.0,205,1,544.3100000000001,0,0.0
13764.0,205,3,1431.5,0,0.0
16664.0,205,1,109.2,0,0.0
15410.0,204,2,1234.88,0,0.0
13616.0,204,2,282.1,0,0.0
15025.0,204,1,636.08,0,0.0
15559.0,204,1,1109.4,0,0.0
15826.0,204,1,943.97,0,1.0
14464.0,204,2,111.0,0,0.0
14311.0,203,1,206.19,0,0.0
15393.0,203,3,659.48,0,0.0
12355.0,203,1,488.21000000000004,0,0.0
14220.0,203,2,882.5999999999999,0,0.0
13283.0,203,2,279.7,0,0.0
12809.0,201,2,1083.68,0,4.0
12974.0,201,1,264.15,0,0.0
18208.0,201,1,355.08,0,0.0
15303.0,201,2,649.16,0,1.0
14010.0,201,2,445.15,0,1.0
17278.0,201,1,25.2,0,0.0
14920.0,201,1,629.4,0,0.0
16831.0,200,1,91.8,0,0.0
14394.0,200,1,93.8,0,0.0
16185.0,200,1,115.31,0,0.0
18052.0,200,1,1512.0,0,0.0
15086.0,200,2,218.53,0,0.0
14315.0,200,2,716.69,0,1.0
12773.0,200,1,124.25,0,1.0
18000.0,200,1,124.25,0,0.0
17496.0,199,3,1076.84,0,1.0
17230.0,199,10,6286.54,0,2.0
14993.0,199,1,36.13,0,0.0
15217.0,199,1,426.24,0,0.0
16328.0,199,1,310.83,0,0.0
16604.0,198,2,432.45,0,1.0
14272.0,198,2,482.85,0,0.0
15323.0,198,3,434.6,0,1.0
16844.0,198,2,614.34,0,0.0
13020.0,198,2,618.96,0,3.0
17074.0,198,1,203.05,0,0.0
16067.0,198,3,3395.29,0,3.0
16715.0,198,1,322.54,0,0.0
16046.0,198,1,233.78,0,0.0
14938.0,198,2,2306.43,0,2.0
12378.0,198,1,1342.7,0,0.0
13169.0,198,1,127.2,0,0.0
17499.0,197,1,703.51,0,1.0
15278.0,197,4,496.15999999999997,0,0.0
15340.0,197,1,105.5,0,0.0
15256.0,197,1,71.95,0,0.0
15878.0,197,2,330.77,0,0.0
16695.0,197,2,193.15,0,0.0
12854.0,197,4,1665.52,0,2.0
16451.0,197,2,746.1800000000001,0,1.0
17189.0,196,3,573.23,0,0.0
14738.0,196,2,502.45,0,1.0
17463.0,196,2,661.5,0,1.0
18177.0,196,3,875.45,0,0.0
12619.0,196,1,140.14,0,0.0
17583.0,196,1,135.95,0,0.0
16035.0,196,1,216.73,0,0.0
12499.0,196,1,387.62,0,0.0
17617.0,194,1,395.33,0,1.0
12943.0,194,2,491.5,0,1.0
15711.0,192,2,420.25,0,0.0
16884.0,192,2,624.08,0,0.0
15135.0,192,1,164.63,0,0.0
15670.0,192,1,152.15,0,1.0
18038.0,192,1,144.41,0,0.0
15715.0,191,5,658.02,0,0.0
15246.0,191,1,266.25,0,0.0
15305.0,191,1,93.6,0,0.0
12677.0,191,2,389.0,0,1.0
14033.0,191,1,27.36,0,0.0
17845.0,191,4,593.19,0,0.0
16896.0,191,1,103.95,0,0.0
17356.0,190,4,768.25,0,0.0
14859.0,190,1,351.9,0,0.0
17216.0,190,1,65.05,0,0.0
16892.0,190,2,236.56,0,0.0
16798.0,190,3,831.71,0,1.0
12675.0,189,2,917.35,0,2.0
15731.0,189,1,125.3,0,0.0
14436.0,189,1,182.64000000000001,0,0.0
18206.0,189,1,314.65999999999997,0,0.0
18234.0,187,1,179.6,0,0.0
16335.0,187,7,2765.0,0,1.0
12911.0,187,1,1634.47,0,0.0
15988.0,187,2,612.0600000000001,0,0.0
13109.0,187,1,347.49,0,1.0
15956.0,187,2,617.6,0,0.0
14208.0,187,1,415.31,0,0.0
17915.0,187,1,242.13,0,0.0
14128.0,187,1,286.71,0,1.0
13056.0,187,1,207.48,0,0.0
18137.0,187,2,145.99,0,0.0
17009.0,187,1,242.06,0,0.0
17505.0,186,3,1288.64,0,0.0
13699.0,186,1,455.57,0,1.0
14028.0,186,3,1879.1999999999998,0,2.0
14786.0,186,1,90.96,0,0.0
18100.0,186,1,451.56,0,0.0
16317.0,186,2,848.86,0,1.0
12829.0,186,1,92.30000000000001,0,0.0
17040.0,186,1,13.52,0,0.0
15720.0,186,1,143.19,0,0.0
17784.0,186,1,112.86,0,0.0
13064.0,186,2,451.2,0,0.0
17543.0,185,1,120.05,0,0.0
18103.0,185,1,105.8,0,0.0
14671.0,185,2,1124.45,0,0.0
17440.0,185,1,137.16,0,0.0
17962.0,185,3,584.59,0,1.0
14308.0,185,2,29.9,0,3.0
17417.0,184,1,164.18,0,0.0
17808.0,184,4,262.64,0,0.0
17115.0,184,4,1923.99,0,4.0
15352.0,184,1,114.95,0,0.0
18252.0,184,5,1015.42,0,1.0
17971.0,184,1,161.94,0,0.0
18272.0,184,3,1307.4,0,1.0
13417.0,183,4,1028.66,0,1.0
13878.0,183,3,1191.53,0,0.0
17158.0,183,2,713.03,0,1.0
15183.0,183,3,639.93,0,1.0
17032.0,183,8,2961.82,1,5.0
16862.0,183,4,662.33,0,0.0
13438.0,183,1,46.5,0,0.0
15684.0,183,3,173.95,0,3.0
15254.0,182,2,787.99,0,1.0
17902.0,182,1,204.88,0,0.0
13794.0,182,1,126.03,0,0.0
17246.0,182,2,38.92,0,0.0
14320.0,182,3,858.96,0,1.0
16547.0,182,1,111.71,0,0.0
13337.0,182,1,1573.26,0,1.0
14727.0,182,2,199.35,0,1.0
17749.0,182,1,351.66,0,0.0
14255.0,182,1,14.95,0,3.0
13745.0,182,1,477.32,0,1.0
16037.0,180,2,574.3199999999999,0,2.0
13619.0,180,2,231.69,0,0.0
17330.0,180,2,24.9,0,0.0
16132.0,180,2,614.1999999999999,0,0.0
13190.0,180,3,504.65999999999997,0,1.0
14581.0,180,1,295.2,0,0.0
16622.0,179,1,225.4,0,1.0
13383.0,179,1,152.64000000000001,0,0.0
15607.0,179,8,1604.21,0,4.0
18020.0,179,1,189.48000000000002,0,1.0
15905.0,179,1,114.69,0,0.0
17922.0,179,1,170.4,0,0.0
17571.0,178,1,205.23999999999998,0,0.0
17020.0,178,2,935.62,0,0.0
15816.0,178,2,138.14999999999998,0,1.0
18009.0,178,7,1896.49,0,5.0
13168.0,178,1,556.12,0,0.0
15926.0,178,1,134.44,0,0.0
12957.0,177,5,4668.43,0,4.0
13338.0,177,3,1873.55,0,4.0
18042.0,177,1,116.1,0,0.0
15040.0,177,1,7.49,0,0.0
18058.0,177,2,603.9,0,0.0
13586.0,177,1,131.53,0,0.0
14374.0,177,1,107.0,0,0.0
15432.0,177,1,149.57,0,2.0
14619.0,177,1,895.8000000000001,0,0.0
17401.0,177,1,114.85,0,0.0
16538.0,177,3,399.62,0,0.0
13112.0,177,1,20.6,0,2.0
16492.0,176,1,385.56,0,0.0
12746.0,176,1,254.55,0,2.0
13608.0,176,1,236.2,0,0.0
16925.0,176,1,125.65,0,0.0
17953.0,176,1,160.82,0,0.0
16661.0,176,4,986.63,0,1.0
15484.0,176,2,1061.69,0,0.0
15718.0,176,1,293.79,0,0.0
17610.0,176,5,1525.49,0,3.0
16943.0,175,2,29.9,0,2.0
14919.0,175,1,359.35,0,0.0
12932.0,175,8,1698.56,0,0.0
14840.0,175,1,299.86,0,1.0
14962.0,175,3,240.21000000000004,0,0.0
17883.0,175,3,324.08,0,1.0
13676.0,175,2,243.9,0,1.0
15538.0,173,6,2162.3,0,5.0
16486.0,173,1,134.36,0,0.0
18128.0,173,1,420.04,0,0.0
16739.0,172,1,463.43,0,1.0
16390.0,172,3,467.5,0,0.0
14338.0,172,1,339.88,0,0.0
15845.0,172,3,714.51,0,1.0
15126.0,172,2,445.49,0,0.0
13334.0,172,2,2726.93,0,1.0
16315.0,172,1,176.34,0,0.0
17192.0,172,1,77.83,0,0.0
13192.0,171,4,1636.6399999999999,0,2.0
12634.0,171,2,374.95,0,0.0
12774.0,171,1,98.65,0,0.0
12785.0,171,2,708.2,0,1.0
14874.0,171,1,116.18,0,0.0
14793.0,171,1,396.91,0,0.0
12792.0,170,1,400.37,0,1.0
12810.0,170,2,534.99,0,0.0
13942.0,170,1,46.08,0,0.0
14509.0,170,1,110.95,0,0.0
15991.0,170,1,145.55,0,0.0
17304.0,170,1,111.5,0,0.0
15913.0,170,1,6.300000000000001,0,0.0
16683.0,169,1,320.25,0,1.0
13771.0,169,5,3082.37,0,0.0
17099.0,169,1,582.17,0,0.0
14538.0,166,3,796.59,0,0.0
18214.0,166,4,1780.34,0,1.0
15102.0,166,2,554.67,0,0.0
13585.0,166,3,684.54,0,1.0
16453.0,166,2,251.71,0,0.0
17194.0,166,1,549.88,0,0.0
15264.0,166,1,454.66,0,1.0
16838.0,166,2,568.76,0,1.0
13057.0,166,3,722.09,0,1.0
16733.0,165,1,259.68,0,0.0
17437.0,165,1,368.17,0,0.0
15791.0,165,3,1995.65,0,3.0
12784.0,165,1,1138.98,0,0.0
12701.0,165,4,1627.35,0,0.0
12346.0,165,11,372.86,0,4.0
12741.0,165,2,251.02,0,0.0
12485.0,165,1,708.1,0,0.0
13859.0,165,1,306.7,0,0.0
12799.0,165,1,217.35,0,0.0
13023.0,164,1,736.8299999999999,0,0.0
14835.0,164,2,297.0,0,1.0
14774.0,164,1,240.45,0,0.0
14006.0,164,4,1234.48,0,0.0
12529.0,164,1,316.48,0,1.0
16680.0,164,2,637.75,0,0.0
13620.0,164,1,112.34,0,0.0
17332.0,164,5,837.27,0,0.0
12695.0,164,3,787.92,0,0.0
13813.0,163,4,1368.11,0,3.0
17155.0,163,5,631.64,0,0.0
13752.0,163,1,404.45000000000005,0,0.0
13739.0,163,1,75.3,0,0.0
17531.0,163,2,970.12,0,5.0
15447.0,163,4,337.71000000000004,0,1.0
15486.0,163,1,102.0,0,0.0
16071.0,163,3,750.5600000000001,0,0.0
17923.0,163,2,289.5,0,0.0
17748.0,163,1,358.15,0,0.0
13814.0,163,1,678.2,0,1.0
13872.0,163,3,915.57,0,3.0
12653.0,162,1,1950.98,0,0.0
15852.0,162,1,96.55,0,0.0
12468.0,162,3,2880.2,0,4.0
17176.0,162,2,596.1899999999999,0,0.0
13302.0,162,1,91.45,0,0.0
15851.0,162,1,109.73,0,0.0
15361.0,162,3,205.15,0,0.0
17187.0,162,1,263.76,0,0.0
17734.0,161,3,733.69,0,0.0
18053.0,161,2,271.05,0,2.0
14366.0,161,1,136.0,0,0.0
17201.0,159,3,899.41,0,1.0
13125.0,159,1,158.57,0,0.0
14647.0,159,1,251.75,0,0.0
17960.0,158,2,61.300000000000004,0,0.0
16974.0,158,2,365.5,0,0.0
18179.0,158,2,520.38,0,0.0
12469.0,158,2,2629.9,0,0.0
16110.0,158,1,480.79,0,0.0
17464.0,158,2,710.98,0,1.0
12953.0,158,1,498.96000000000004,0,0.0
16158.0,158,9,591.32,0,1.0
14900.0,158,1,13.919999999999998,0,0.0
17679.0,157,5,1585.5,0,4.0
15650.0,157,2,553.88,0,1.0
17901.0,157,2,119.69999999999999,0,0.0
12403.0,157,1,585.5600000000001,0,0.0
12730.0,157,1,803.9,0,0.0
12825.0,157,2,510.63,0,0.0
14876.0,157,2,256.7,0,0.0
14279.0,156,2,191.86,0,0.0
12632.0,156,2,789.63,0,2.0
15137.0,156,2,823.4,0,3.0
16443.0,156,1,162.24,0,0.0
15504.0,156,3,371.02,0,1.0
17110.0,156,2,347.4,0,0.0
17129.0,156,1,31.85,0,0.0
16649.0,156,1,301.58,0,0.0
15056.0,156,1,133.45,0,0.0
15127.0,155,1,279.97,0,0.0
16544.0,155,4,376.70000000000005,0,2.0
16057.0,155,3,1591.73,0,4.0
13835.0,155,3,260.7,0,1.0
14695.0,155,3,1620.07,0,1.0
12592.0,155,3,1426.69,0,3.0
18279.0,155,1,231.33999999999997,0,0.0
13997.0,155,3,381.31,0,0.0
14580.0,154,1,14.850000000000001,0,0.0
13595.0,152,3,818.22,0,0.0
14516.0,152,1,163.92,0,0.0
17847.0,151,2,129.69,0,0.0
14672.0,151,2,347.59,0,0.0
15101.0,151,4,1030.41,0,4.0
13895.0,151,2,1331.45,0,1.0
13779.0,151,1,161.13,0,0.0
18238.0,151,1,270.92,0,0.0
15563.0,150,3,1459.0,0,1.0
14069.0,150,2,228.06,0,0.0
16469.0,150,1,178.48000000000002,0,0.0
12664.0,150,2,1087.96,0,0.0
13428.0,150,2,281.51,0,0.0
17773.0,150,2,585.27,0,0.0
13209.0,150,5,2617.9,0,0.0
14653.0,149,5,1496.63,0,0.0
18217.0,149,2,323.29,0,2.0
18123.0,149,1,95.15,0,0.0
14285.0,149,4,1374.41,0,1.0
15259.0,148,4,902.33,0,0.0
17145.0,148,4,3058.4300000000003,0,3.0
14007.0,148,1,79.48,0,0.0
15224.0,148,3,549.28,0,2.0
13559.0,148,2,726.0,0,0.0
15530.0,148,1,307.37,0,0.0
17559.0,148,1,167.62,0,0.0
14421.0,148,4,1656.26,0,1.0
12789.0,148,2,178.4,0,0.0
17783.0,148,1,96.44,0,0.0
15542.0,148,3,918.45,0,1.0
14084.0,148,1,150.5,0,0.0
16251.0,148,1,128.31,0,0.0
16435.0,148,3,980.57,0,0.0
14621.0,147,4,1212.21,0,6.0
14486.0,147,2,175.5,0,0.0
17694.0,147,2,1412.85,0,0.0
15759.0,147,4,547.6500000000001,0,3.0
14430.0,147,3,1220.9,0,2.0
13074.0,147,4,1262.98,0,1.0
18021.0,145,2,227.06,0,0.0
16344.0,145,3,741.3199999999999,0,0.0
17541.0,145,1,124.46,0,0.0
17261.0,145,1,230.44,0,0.0
14563.0,145,2,676.44,0,0.0
15633.0,145,13,4352.46,0,5.0
14674.0,145,1,173.66,0,0.0
12625.0,145,2,2436.46,0,0.0
16467.0,144,7,1893.52,0,1.0
13734.0,144,4,2941.64,0,2.0
15788.0,144,1,220.82999999999998,0,1.0
13425.0,144,2,1779.42,0,3.0
17395.0,144,1,97.5,0,0.0
12864.0,144,1,152.45,0,0.0
13509.0,143,1,135.0,0,0.0
14797.0,143,1,300.31,0,0.0
14061.0,143,3,898.4300000000001,0,0.0
13976.0,142,3,834.38,0,0.0
13913.0,142,1,41.22,0,0.0
16736.0,141,5,2952.56,0,3.0
13487.0,141,2,271.47,0,0.0
14858.0,141,1,180.75,0,0.0
16555.0,141,4,1619.71,0,4.0
16165.0,141,1,29.9,0,0.0
17177.0,141,1,119.5,0,0.0
13788.0,141,1,3.75,0,0.0
13371.0,141,2,2245.66,0,2.0
14166.0,141,2,256.85,0,0.0
12595.0,140,1,295.97,0,0.0
16092.0,140,3,770.08,0,2.0
13874.0,140,6,1508.7,0,3.0
18132.0,140,1,226.9,0,0.0
17112.0,138,1,205.17,0,0.0
16075.0,138,2,736.9300000000001,0,1.0
15946.0,138,3,2304.18,0,0.0
15431.0,138,1,153.24,0,0.0
13761.0,138,4,881.52,0,0.0
17969.0,138,18,2110.7400000000002,0,7.0
12410.0,138,1,270.28,0,0.0
13201.0,138,4,1240.6100000000001,0,0.0
15704.0,138,2,1524.3400000000001,0,2.0
16894.0,138,3,1316.06,0,2.0
12813.0,137,3,1684.6,0,0.0
17494.0,137,1,54.699999999999996,0,0.0
14435.0,137,1,90.42,0,0.0
12977.0,137,3,367.34000000000003,0,0.0
14115.0,137,2,622.6700000000001,0,0.0
14745.0,137,7,1351.55,0,4.0
17224.0,137,1,75.86,0,0.0
15015.0,137,13,2365.02,0,7.0
13433.0,137,4,658.3199999999999,0,1.0
12801.0,136,1,896.5699999999999,0,1.0
14384.0,136,1,58.5,0,0.0
13855.0,136,4,1310.3400000000001,0,1.0
18026.0,136,2,2074.07,0,0.0
16219.0,136,1,40.8,0,0.0
17918.0,136,3,396.39,0,0.0
13161.0,136,1,366.13,0,0.0
17408.0,136,2,283.44000000000005,0,1.0
15284.0,136,1,24.75,0,0.0
12547.0,136,1,162.73,0,0.0
15306.0,136,6,1999.34,0,1.0
15331.0,135,3,767.91,0,1.0
13656.0,135,2,699.2,0,3.0
14463.0,135,1,256.95,0,0.0
15873.0,135,4,244.8,0,1.0
18207.0,135,1,540.47,0,2.0
13796.0,135,1,289.7,0,0.0
17266.0,135,2,207.09,0,0.0
16937.0,135,1,202.1,0,0.0
18264.0,134,1,603.25,0,0.0
14833.0,134,1,94.8,0,0.0
17651.0,134,6,1758.52,0,2.0
12737.0,134,2,29.9,0,0.0
17168.0,134,1,400.2,0,0.0
13584.0,134,2,250.05,0,2.0
13101.0,134,3,594.21,0,0.0
12525.0,134,3,958.48,0,5.0
14235.0,134,4,1573.1299999999999,0,0.0
17448.0,133,46,14555.72,0,7.0
13598.0,131,4,609.42,0,0.0
13766.0,131,1,190.35,0,0.0
15200.0,130,1,549.05,0,0.0
13647.0,130,4,1393.56,0,0.0
15077.0,130,2,2428.08,0,2.0
14427.0,130,2,620.13,0,0.0
12527.0,130,2,386.8,0,0.0
15990.0,130,5,1217.94,0,0.0
13357.0,130,4,3216.41,0,0.0
16227.0,130,2,713.0,0,2.0
14819.0,130,2,197.09,0,0.0
16256.0,129,2,841.89,0,0.0
15754.0,129,6,2489.04,0,2.0
16440.0,129,1,216.3,0,0.0
13679.0,129,3,281.26,0,0.0
18048.0,129,1,229.44,0,0.0
17665.0,129,1,545.82,0,0.0
16880.0,129,1,321.78,0,0.0
14871.0,129,5,731.59,0,0.0
14253.0,129,2,363.40000000000003,0,0.0
15822.0,129,4,954.59,0,2.0
12998.0,128,3,920.08,0,1.0
16417.0,128,1,35.7,0,0.0
15798.0,128,3,1535.37,0,0.0
16742.0,128,13,2387.71,0,0.0
15076.0,128,2,566.89,0,2.0
15369.0,128,11,6129.58,0,1.0
15387.0,128,1,468.65,0,0.0
13044.0,128,10,4287.43,0,2.0
16334.0,128,1,277.48,0,0.0
13084.0,127,1,122.39999999999999,0,1.0
17353.0,127,2,1177.1999999999998,0,3.0
14256.0,127,3,1495.93,0,3.0
17156.0,127,1,591.87,0,1.0
18079.0,127,1,447.9,0,0.0
15403.0,127,2,170.88,0,0.0
16174.0,127,4,1237.2,0,0.0
13778.0,127,3,945.79,0,1.0
14521.0,127,1,199.45000000000002,0,1.0
13135.0,127,1,271.45,0,0.0
14043.0,127,2,304.25,0,1.0
15908.0,126,2,428.57,0,0.0
15980.0,126,4,4163.62,0,2.0
14139.0,126,3,670.98,0,0.0
13026.0,124,4,757.72,0,1.0
16196.0,124,1,93.3,0,0.0
15280.0,124,2,288.09999999999997,0,0.0
16939.0,124,3,449.0,0,0.0
13627.0,124,2,607.43,0,1.0
14575.0,124,1,460.71,0,0.0
13653.0,123,1,152.2,0,0.0
13783.0,123,4,787.56,0,0.0
16282.0,123,2,1139.28,0,0.0
15013.0,123,10,1641.3,0,0.0
15595.0,123,1,357.6,0,0.0
13307.0,123,2,258.34,0,0.0
17482.0,123,2,778.19,0,0.0
17988.0,123,7,288.42,0,0.0
14022.0,122,1,352.15000000000003,0,0.0
12745.0,122,3,738.8,0,0.0
13501.0,122,2,1544.79,0,1.0
13839.0,122,1,139.95000000000002,0,0.0
14144.0,122,1,30.599999999999998,0,0.0
15837.0,121,1,385.03000000000003,0,0.0
13594.0,121,1,136.35000000000002,0,1.0
16632.0,121,2,406.4,0,0.0
12771.0,121,1,256.2,0,1.0
14822.0,121,1,157.70000000000002,0,0.0
14736.0,121,2,399.08,0,0.0
17866.0,120,2,805.3000000000001,0,0.0
13150.0,120,3,449.96999999999997,0,1.0
14548.0,120,7,1974.69,0,0.0
14630.0,120,1,338.65,0,0.0
18227.0,120,1,14.95,0,1.0
12959.0,120,1,149.95,0,1.0
12542.0,120,2,481.88,0,2.0
14872.0,119,3,816.6,0,1.0
12484.0,119,6,1739.03,0,2.0
14153.0,119,1,233.4,0,0.0
16345.0,119,1,623.33,0,0.0
15893.0,117,1,152.64000000000001,0,0.0
16631.0,117,7,1886.52,0,1.0
17248.0,117,1,227.51,0,0.0
17256.0,117,3,258.93,0,0.0
13405.0,117,3,580.88,0,3.0
14996.0,117,2,442.28999999999996,0,0.0
14097.0,117,2,422.85999999999996,0,0.0
17849.0,116,4,407.96,0,0.0
12687.0,116,2,1873.8600000000001,0,0.0
13063.0,116,1,188.4,0,0.0
15008.0,116,2,288.0,0,0.0
17157.0,116,17,4832.9,0,0.0
16278.0,116,2,551.46,0,2.0
14011.0,116,2,457.82,0,1.0
15125.0,115,9,5427.39,0,4.0
14531.0,115,1,376.34,0,0.0
13313.0,115,7,1885.52,0,3.0
14749.0,115,1,310.15,0,0.0
13503.0,115,5,1666.14,0,6.0
16276.0,115,2,1575.35,0,0.0
15072.0,115,1,187.51999999999998,0,0.0
15416.0,114,3,588.5,0,1.0
15268.0,114,3,961.9000000000001,0,1.0
17627.0,114,1,291.88,0,1.0
15310.0,114,1,1608.72,0,0.0
14037.0,114,4,689.75,0,1.0
16769.0,114,3,749.36,0,0.0
17492.0,114,2,747.85,0,0.0
16180.0,114,5,5995.69,0,1.0
15494.0,114,3,2470.7400000000002,0,1.0
15154.0,114,2,1091.99,0,0.0
13892.0,113,2,289.08,0,0.0
15247.0,113,2,620.06,0,1.0
13427.0,113,3,423.93,0,0.0
17159.0,113,2,560.71,0,0.0
17666.0,113,3,1319.6399999999999,0,0.0
17745.0,113,2,570.34,0,0.0
16529.0,113,3,1556.75,0,0.0
17599.0,113,1,52.05,0,2.0
17222.0,113,5,1240.86,0,0.0
14722.0,113,2,325.45,0,0.0
16286.0,113,2,328.95,0,2.0
12851.0,113,1,148.95,0,0.0
18191.0,113,1,321.59999999999997,0,0.0
16299.0,113,1,193.65,0,1.0
12519.0,112,1,379.6,0,1.0
17699.0,112,2,442.0,0,0.0
13965.0,112,3,996.61,0,2.0
16890.0,112,3,285.41,0,0.0
16562.0,112,1,223.85999999999999,0,0.0
18286.0,112,2,1231.38,0,1.0
16294.0,112,1,126.05000000000001,0,0.0
15124.0,112,2,266.63,0,0.0
14020.0,112,2,606.21,0,1.0
15322.0,112,1,646.18,0,0.0
18106.0,112,5,1030.76,0,0.0
16396.0,112,1,137.8,0,2.0
16234.0,112,3,333.18,0,1.0
15702.0,112,2,127.52,0,0.0
15768.0,112,31,14681.26,0,1.0
15855.0,112,1,340.48,0,0.0
15055.0,110,3,555.07,0,0.0
16275.0,110,2,1587.24,0,0.0
16004.0,110,5,2144.39,0,0.0
17471.0,110,1,321.65000000000003,0,0.0
15443.0,110,7,1934.02,0,1.0
17578.0,110,6,903.87,0,2.0
17664.0,110,2,561.59,0,0.0
14855.0,110,5,5874.65,0,0.0
17133.0,110,5,4519.69,0,1.0
14767.0,110,1,382.81,0,0.0
15186.0,110,3,991.7900000000001,0,0.0
12866.0,110,2,667.98,0,0.0
14565.0,109,1,760.1,0,0.0
18140.0,109,1,536.41,0,0.0
15683.0,109,1,330.79,0,0.0
14187.0,109,1,123.5,0,0.0
16172.0,109,3,744.34,0,0.0
15003.0,109,6,1060.7,0,1.0
17553.0,108,3,1176.0,0,0.0
13452.0,108,1,59.8,0,0.0
13123.0,108,2,506.75,0,0.0
15222.0,108,10,2929.43,0,6.0
13415.0,108,4,800.67,0,1.0
12765.0,108,6,1404.23,0,0.0
13361.0,108,2,1450.5,0,0.0
17336.0,108,1,81.12,0,0.0
15666.0,108,2,632.9399999999999,0,0.0
17292.0,108,2,271.75,0,0.0
18124.0,108,1,111.53,0,0.0
17602.0,108,8,2298.16,0,2.0
16175.0,107,3,798.85,0,0.0
13680.0,107,8,7713.25,0,0.0
14408.0,107,4,1503.2400000000002,0,0.0
17746.0,107,3,793.9300000000001,0,2.0
13548.0,107,1,226.57999999999998,0,0.0
12875.0,107,3,384.48,0,0.0
14787.0,107,1,110.65,0,0.0
14260.0,107,3,822.28,0,0.0
18196.0,107,2,774.18,0,0.0
17963.0,107,4,644.51,0,0.0
16448.0,107,1,178.98000000000002,0,0.0
13024.0,106,2,553.87,0,1.0
14026.0,106,2,713.11,0,0.0
14268.0,106,1,354.85,0,0.0
17005.0,106,2,742.36,0,1.0
14930.0,106,3,2680.77,0,3.0
18171.0,106,4,1136.0,0,0.0
16159.0,106,3,884.59,0,1.0
17709.0,106,4,508.56,0,0.0
12800.0,106,3,545.1,0,0.0
16375.0,106,2,104.0,0,0.0
16807.0,106,3,1002.29,0,2.0
16288.0,106,1,129.85,0,0.0
14544.0,106,1,957.98,0,0.0
16468.0,106,2,712.62,0,0.0
13877.0,106,2,332.44,0,2.0
17649.0,105,2,710.4,0,1.0
16197.0,105,9,2016.71,0,0.0
13478.0,105,5,2182.78,0,2.0
16870.0,105,1,450.15999999999997,0,0.0
17270.0,105,2,597.4,0,0.0
14949.0,105,4,515.0,0,2.0
15784.0,103,2,848.3299999999999,0,0.0
15430.0,103,2,954.75,0,1.0
14770.0,103,6,2761.2200000000003,0,1.0
15166.0,103,1,167.16,0,0.0
17584.0,103,4,3962.12,0,0.0
14607.0,103,8,7229.85,0,2.0
13540.0,103,3,632.39,0,0.0
17792.0,103,2,370.05,0,0.0
16755.0,103,4,1378.75,0,1.0
17384.0,103,1,171.15,0,0.0
15480.0,101,4,2716.65,0,2.0
12804.0,101,2,327.02,0,0.0
14433.0,101,1,289.6,0,0.0
13863.0,101,3,933.77,0,1.0
13714.0,101,1,161.35,0,0.0
12380.0,101,7,5021.64,0,3.0
14233.0,101,3,1418.35,0,2.0
16819.0,101,2,182.59,0,0.0
14025.0,100,8,3927.9,0,2.0
16290.0,100,4,2043.3,0,0.0
14265.0,100,2,843.17,0,0.0
12391.0,100,5,2136.53,0,1.0
17215.0,100,1,186.15,0,0.0
13989.0,100,3,759.98,0,0.0
13399.0,100,3,275.4,0,0.0
18258.0,100,6,2059.67,0,2.0
17753.0,100,4,390.56,0,1.0
14167.0,100,4,721.65,0,0.0
12898.0,99,2,310.96000000000004,0,0.0
13472.0,99,2,592.24,0,0.0
13916.0,99,4,1155.76,0,1.0
16993.0,99,2,1944.9499999999998,0,1.0
14326.0,99,2,757.13,0,0.0
12414.0,99,3,134.85,0,2.0
12788.0,99,4,444.7,0,0.0
12598.0,99,3,1489.6599999999999,0,3.0
18182.0,99,1,291.13,0,0.0
14283.0,99,4,628.4399999999999,0,0.0
15043.0,99,5,2336.7999999999997,0,0.0
15191.0,99,3,588.05,0,0.0
12451.0,99,3,3604.36,0,1.0
15564.0,99,2,70.74000000000001,0,0.0
12831.0,99,2,236.06,0,0.0
12937.0,99,5,1593.34,0,0.0
14908.0,99,1,104.10000000000001,0,0.0
15779.0,99,2,124.08000000000001,0,0.0
15094.0,99,2,83.0,0,0.0
13414.0,99,3,807.24,0,1.0
15424.0,99,1,214.44,0,0.0
13856.0,99,8,753.53,0,2.0
14058.0,98,2,469.19,0,0.0
17454.0,98,6,1030.41,0,1.0
14086.0,98,1,14.95,0,0.0
15378.0,98,2,246.5,0,0.0
16100.0,98,1,582.64,0,0.0
13346.0,98,6,299.4,0,0.0
17854.0,98,4,759.19,0,0.0
14009.0,98,1,404.3,0,0.0
16947.0,98,4,548.73,0,5.0
15092.0,98,1,318.65,0,1.0
12440.0,98,2,784.05,0,1.0
17669.0,98,3,2735.63,0,0.0
16289.0,98,1,136.31,0,1.0
12361.0,98,3,321.2,0,0.0
14163.0,98,1,148.71,0,0.0
14753.0,96,1,306.36,0,0.0
13250.0,96,2,256.04,0,1.0
15461.0,96,2,429.7,0,1.0
15751.0,96,11,1369.44,0,3.0
14318.0,96,1,158.02,0,0.0
14145.0,95,3,3857.85,0,0.0
12744.0,95,4,4033.77,0,0.0
15543.0,95,1,114.98,0,0.0
16246.0,95,2,827.25,0,0.0
13070.0,95,3,522.9,0,1.0
12758.0,95,5,7111.650000000001,0,1.0
15809.0,95,2,478.62,0,1.0
14248.0,95,2,730.37,0,0.0
12510.0,95,7,2553.36,0,7.0
13133.0,95,1,90.65,0,0.0
13787.0,94,4,909.46,0,3.0
12859.0,94,1,575.1,0,0.0
15289.0,94,2,653.3100000000001,0,1.0
14968.0,94,1,353.4,0,0.0
14818.0,94,3,512.61,0,0.0
12819.0,94,1,540.52,0,0.0
12891.0,94,8,319.88,0,1.0
17212.0,94,2,567.5600000000001,0,0.0
15741.0,94,2,208.62,0,0.0
13683.0,93,1,258.6,0,0.0
13076.0,93,1,135.4,0,0.0
15141.0,93,7,1388.47,0,2.0
12777.0,93,1,517.45,0,0.0
12761.0,93,2,772.75,0,0.0
16027.0,93,9,1113.74,0,2.0
16771.0,93,5,1720.79,0,0.0
12575.0,93,2,613.67,0,0.0
15627.0,93,2,566.9,0,0.0
16271.0,93,5,2033.73,0,0.0
13717.0,93,2,318.29,0,2.0
17242.0,92,3,1754.24,0,0.0
12770.0,92,1,1895.0,0,5.0
15488.0,92,4,340.6,0,0.0
16743.0,92,7,2015.17,0,0.0
13046.0,92,1,319.94,0,0.0
15972.0,92,5,1580.1200000000001,0,0.0
15766.0,92,2,516.0,0,1.0
12460.0,92,1,326.55,0,0.0
12631.0,92,5,2841.07,0,1.0
16886.0,92,1,134.0,0,1.0
18255.0,92,1,199.85,0,0.0
16095.0,92,1,447.05,0,0.0
15938.0,92,4,330.23,0,0.0
15150.0,92,3,3686.61,0,0.0
17762.0,92,1,129.75,0,0.0
16032.0,92,6,1970.45,0,0.0
14444.0,92,1,132.04,0,0.0
17282.0,92,2,634.25,0,0.0
15861.0,92,4,1231.43,0,2.0
12760.0,91,1,347.7,0,0.0
13477.0,91,5,1379.59,0,0.0
17369.0,91,1,122.39999999999999,0,0.0
13304.0,91,3,903.57,0,3.0
14445.0,91,1,221.65,0,0.0
16648.0,91,2,382.14,0,0.0
13330.0,91,3,1640.25,0,0.0
17705.0,91,2,260.38,0,0.0
13782.0,89,7,871.72,0,1.0
14635.0,89,1,215.22,0,0.0
16815.0,89,2,410.97,0,0.0
16608.0,89,2,1253.72,0,0.0
14595.0,89,2,423.85,0,0.0
15006.0,89,1,321.05,0,0.0
15406.0,89,2,465.15999999999997,0,0.0
15824.0,89,2,890.94,0,0.0
16320.0,89,4,4590.53,0,2.0
15714.0,89,3,453.93,0,0.0
17383.0,89,1,110.69999999999999,0,0.0
15800.0,89,5,543.5,0,0.0
16860.0,88,3,1606.62,0,1.0
17147.0,88,5,1485.36,0,5.0
17512.0,88,8,2349.87,0,1.0
14569.0,88,3,371.59,0,0.0
17898.0,88,2,146.12,0,0.0
13613.0,88,5,1039.8500000000001,0,0.0
17426.0,88,7,2990.51,0,3.0
13479.0,88,2,550.42,0,2.0
15401.0,88,2,216.95000000000002,0,0.0
13129.0,88,2,231.99,0,0.0
17132.0,88,2,1264.8,0,0.0
15639.0,87,2,637.76,0,2.0
15673.0,87,5,3533.77,0,1.0
17534.0,87,4,1445.47,0,0.0
14112.0,87,6,2919.44,0,9.0
13242.0,87,4,429.0,0,0.0
15901.0,87,4,337.34,0,2.0
17801.0,87,3,798.3299999999999,0,1.0
13312.0,87,1,124.75,0,0.0
17149.0,87,1,143.10000000000002,0,0.0
13207.0,87,2,285.6,0,0.0
14381.0,87,1,428.65999999999997,0,0.0
12539.0,86,3,5633.35,0,0.0
14231.0,86,1,309.91,0,0.0
15966.0,86,1,426.53000000000003,0,1.0
14370.0,86,6,1097.78,0,3.0
13041.0,86,4,799.13,0,0.0
16406.0,86,2,389.61,0,1.0
12768.0,86,1,168.69000000000003,0,1.0
17403.0,86,1,103.95,0,0.0
16940.0,86,5,3377.78,0,3.0
15685.0,86,1,55.980000000000004,0,0.0
15629.0,86,4,2240.9,0,0.0
14375.0,86,2,860.31,0,0.0
15372.0,86,7,3182.14,0,2.0
16589.0,86,1,153.12,0,0.0
17392.0,86,1,168.65,0,0.0
15272.0,86,4,1216.49,0,0.0
13424.0,85,1,572.77,0,1.0
18001.0,85,4,536.61,0,0.0
13243.0,85,4,677.97,0,0.0
16646.0,85,1,602.64,0,1.0
13589.0,85,4,733.09,0,0.0
15962.0,85,1,295.83,0,0.0
13587.0,85,3,961.1,0,0.0
14221.0,85,8,3084.69,0,1.0
13515.0,85,2,374.7,0,0.0
17608.0,85,2,305.11,0,0.0
15341.0,85,1,382.2,0,1.0
15748.0,85,2,370.95000000000005,0,0.0
15664.0,85,3,867.6,0,2.0
17594.0,85,2,1504.7,0,0.0
13208.0,85,3,764.6,0,0.0
13398.0,84,1,213.0,0,0.0
15362.0,84,2,613.08,0,0.0
16146.0,84,1,212.25,0,0.0
16371.0,84,1,157.2,0,0.0
14107.0,84,4,2174.07,0,1.0
12554.0,84,1,429.35,0,0.0
13443.0,84,6,1155.16,0,1.0
17765.0,84,1,131.92,0,0.0
17233.0,84,2,369.98,0,0.0
12425.0,84,1,964.21,0,1.0
15117.0,84,3,820.27,0,0.0
17743.0,84,1,229.2,0,1.0
12543.0,84,1,915.0,0,0.0
13998.0,82,3,556.7,0,0.0
18089.0,82,1,418.45,0,0.0
17188.0,82,6,2118.7000000000003,0,2.0
13701.0,82,1,161.0,0,1.0
18257.0,82,4,2262.47,0,2.0
16434.0,82,5,1209.49,0,1.0
17582.0,82,4,1275.43,0,1.0
16524.0,82,2,308.14,0,0.0
18094.0,82,6,3374.2200000000003,0,2.0
17027.0,82,3,285.82,0,0.0
17625.0,82,4,4020.8,0,0.0
17051.0,82,3,467.25,0,0.0
13465.0,82,2,931.12,0,0.0
13709.0,82,5,1261.7,0,0.0
18064.0,82,9,3640.23,0,4.0
17163.0,81,2,406.68,0,0.0
15599.0,81,1,488.32,0,0.0
15462.0,81,1,502.45,0,0.0
13702.0,81,1,135.18,0,0.0
14212.0,81,1,1119.6599999999999,0,0.0
17055.0,81,1,239.55,0,0.0
12850.0,81,1,330.0,0,0.0
17268.0,81,7,970.25,0,0.0
12388.0,81,2,1120.45,0,0.0
15803.0,81,3,1513.84,0,0.0
12993.0,81,4,844.87,0,2.0
18251.0,81,8,10991.48,0,0.0
18242.0,81,4,1372.72,0,0.0
17785.0,81,2,271.44,0,0.0
12455.0,81,4,3362.99,0,0.0
17585.0,81,3,945.23,0,0.0
16986.0,81,9,2988.55,0,0.0
14668.0,81,1,111.63,0,0.0
17940.0,81,6,1073.35,0,2.0
14906.0,81,1,14.95,0,2.0
15722.0,81,6,3030.54,0,3.0
13375.0,80,1,1013.58,0,0.0
15473.0,80,1,274.8,0,0.0
17226.0,80,2,506.63,0,0.0
16586.0,80,2,982.83,0,0.0
13689.0,80,1,349.5,0,0.0
13799.0,80,7,2080.15,0,4.0
14716.0,80,1,235.77,0,0.0
17480.0,80,1,390.21,0,0.0
16493.0,80,3,780.46,0,0.0
12751.0,80,1,268.27,0,0.0
15041.0,80,1,113.67,0,0.0
17046.0,80,4,1264.05,0,0.0
17438.0,80,4,1034.32,0,0.0
14761.0,80,1,192.02,0,0.0
16998.0,80,1,107.0,0,0.0
14126.0,80,1,466.33000000000004,0,0.0
18093.0,80,4,2274.19,0,0.0
17161.0,80,1,856.01,0,0.0
17926.0,80,3,638.2,0,0.0
14611.0,79,2,600.3299999999999,0,1.0
13474.0,79,2,430.2,0,0.0
14933.0,79,4,1309.8,0,1.0
16723.0,79,2,712.48,0,0.0
14182.0,79,4,678.77,0,1.0
17840.0,79,1,185.72,0,0.0
14570.0,79,1,395.69,0,0.0
17002.0,79,4,1077.82,0,0.0
13196.0,79,3,1261.06,0,1.0
15057.0,79,3,1766.46,0,1.0
14439.0,79,4,6701.8,0,0.0
14894.0,79,2,837.0600000000001,0,2.0
14372.0,79,2,860.08,0,1.0
13205.0,79,1,1576.8,0,0.0
13288.0,79,5,927.61,0,1.0
14837.0,78,5,1810.82,0,2.0
15761.0,78,1,143.05,0,0.0
13635.0,78,3,1928.1299999999999,0,2.0
12802.0,78,6,1969.2,0,1.0
12727.0,78,3,1659.18,0,0.0
16857.0,78,1,352.8,0,0.0
13519.0,78,1,220.46,0,0.0
14701.0,78,6,2006.72,0,0.0
12916.0,78,3,1643.87,0,0.0
16830.0,78,3,881.59,0,1.0
13264.0,78,1,720.5600000000001,0,0.0
18107.0,78,1,165.13,0,0.0
14715.0,78,4,901.97,0,0.0
15140.0,78,1,889.44,0,0.0
18096.0,78,3,894.13,0,0.0
16921.0,78,2,272.88,0,0.0
14857.0,78,5,2478.731,0,2.0
16647.0,78,2,327.84,0,0.0
12731.0,78,5,6810.2,0,0.0
12844.0,78,2,322.64,0,0.0
14992.0,78,1,210.5,0,0.0
14628.0,78,3,1326.04,0,0.0
17134.0,78,1,212.1,0,0.0
17021.0,78,6,1177.22,0,0.0
14875.0,77,1,1328.08,0,1.0
14967.0,77,5,1518.81,0,1.0
16675.0,77,2,608.86,0,0.0
14226.0,77,1,770.34,0,1.0
16952.0,77,3,631.17,0,0.0
13513.0,77,2,619.49,0,1.0
12871.0,75,1,363.38,0,0.0
15201.0,75,2,606.4100000000001,0,1.0
16833.0,75,2,1022.46,0,0.0
14094.0,75,1,335.22,0,1.0
17123.0,75,2,631.87,0,0.0
16340.0,75,2,974.99,0,0.0
14269.0,75,1,295.73,0,1.0
13980.0,75,4,597.78,0,4.0
17299.0,75,2,346.97,0,0.0
14195.0,75,4,1266.2,0,3.0
14806.0,75,1,110.03999999999999,0,0.0
13281.0,75,1,350.85,0,2.0
16182.0,74,5,3354.0,0,0.0
14295.0,74,4,2196.71,0,2.0
15469.0,74,1,333.7,0,1.0
13015.0,74,6,2952.09,0,3.0
17919.0,74,1,536.28,0,0.0
16895.0,74,4,900.28,0,0.0
16105.0,74,4,2049.23,0,0.0
18194.0,74,5,3165.7000000000003,0,0.0
15616.0,74,1,292.11,0,0.0
16636.0,74,4,3802.04,0,0.0
13897.0,74,2,849.56,0,0.0
12348.0,74,1,222.16,0,0.0
16264.0,74,2,837.53,0,0.0
14328.0,74,1,14.95,0,2.0
14063.0,74,9,8523.72,0,4.0
13290.0,74,1,14.95,0,2.0
17524.0,74,2,394.14,0,1.0
13687.0,74,1,974.88,0,0.0
14802.0,74,2,29.9,0,4.0
17280.0,74,1,118.85999999999999,0,0.0
13139.0,73,1,3107.8,0,0.0
16362.0,73,1,212.17,0,1.0
14228.0,73,3,720.5,0,0.0
12648.0,73,3,784.8,0,1.0
14634.0,73,4,2122.46,0,3.0
14423.0,73,2,651.41,0,1.0
15614.0,73,4,3147.36,0,3.0
17348.0,73,4,1316.8899999999999,0,0.0
13103.0,73,2,465.70000000000005,0,0.0
16269.0,73,1,717.57,0,1.0
13397.0,73,5,1575.74,0,2.0
17007.0,73,1,230.17000000000002,0,0.0
16198.0,73,1,629.36,0,0.0
17624.0,73,2,718.15,0,0.0
15871.0,73,1,33.099999999999994,0,0.0
18049.0,73,2,556.52,0,0.0
17092.0,73,7,3817.18,0,3.0
17886.0,73,3,692.77,0,1.0
15636.0,73,2,719.82,0,0.0
13110.0,73,5,1456.8000000000002,0,1.0
14489.0,73,3,1104.55,0,0.0
13754.0,73,1,164.45000000000002,0,0.0
13927.0,73,1,359.27,0,1.0
18215.0,73,4,1948.15,0,1.0
17048.0,73,4,1146.33,0,1.0
14909.0,73,3,1404.68,0,2.0
16237.0,73,1,136.65,0,0.0
16875.0,73,6,2109.0,0,5.0
13239.0,73,4,1265.1299999999999,0,1.0
13922.0,73,2,692.95,0,2.0
12964.0,73,1,132.24,0,0.0
16341.0,73,3,1878.92,0,1.0
12840.0,73,3,1315.2,0,2.0
15321.0,73,9,3958.42,0,5.0
12975.0,72,6,2079.09,0,2.0
13639.0,72,1,312.93,0,0.0
16148.0,72,1,310.3,0,2.0
16177.0,72,7,1903.36,0,4.0
12946.0,72,1,324.45,0,0.0
13797.0,72,3,1179.45,0,1.0
15734.0,72,2,643.8000000000001,0,0.0
16783.0,72,1,391.95,0,0.0
14513.0,72,3,332.42,0,0.0
14843.0,72,1,211.79999999999998,0,0.0
17257.0,72,2,192.73,0,0.0
14514.0,72,6,3543.63,0,1.0
15912.0,72,7,805.08,0,0.0
13105.0,72,1,72.0,0,0.0
16369.0,72,4,1111.15,0,0.0
13048.0,72,5,2248.3,0,3.0
14477.0,72,3,660.0,0,2.0
15985.0,72,5,1512.38,0,0.0
13257.0,72,1,141.75,0,2.0
16773.0,72,2,249.65,0,0.0
16490.0,72,1,205.41000000000003,0,1.0
17771.0,72,2,137.6,0,0.0
12661.0,72,1,162.0,0,0.0
12857.0,72,4,2581.6,0,1.0
13591.0,71,4,976.8100000000001,0,1.0
14230.0,71,3,979.8000000000001,0,0.0
17146.0,71,10,5103.46,0,3.0
13962.0,71,1,193.25,0,0.0
13729.0,71,3,724.73,0,2.0
17382.0,71,7,836.88,0,0.0
16522.0,71,2,429.36,0,0.0
16368.0,71,1,142.78,0,0.0
14707.0,71,2,139.2,0,0.0
17667.0,71,4,1895.19,0,3.0
13966.0,71,1,330.38,0,0.0
15812.0,71,7,2668.81,0,1.0
12806.0,71,4,2222.21,0,0.0
16214.0,71,1,945.26,0,0.0
14742.0,71,1,579.85,0,0.0
15736.0,71,2,1811.72,0,1.0
16958.0,71,1,808.44,0,0.0
14699.0,71,3,593.47,0,0.0
13804.0,71,2,572.73,0,0.0
14110.0,71,21,7304.8,0,1.0
14568.0,71,1,919.7,0,1.0
15243.0,71,1,608.6,0,0.0
12457.0,71,1,557.53,0,1.0
16044.0,71,1,340.84000000000003,0,0.0
12500.0,71,8,1663.84,0,4.0
13784.0,70,3,447.44,0,1.0
14564.0,70,2,2597.62,0,3.0
17533.0,70,1,34.8,0,0.0
14425.0,70,3,661.39,0,2.0
14225.0,70,4,2037.02,0,1.0
12696.0,70,2,776.76,0,1.0
16101.0,70,3,1938.46,0,1.0
12639.0,70,2,751.12,0,0.0
13566.0,70,3,833.41,0,0.0
15190.0,70,1,829.4399999999999,0,0.0
15451.0,70,2,233.21,0,0.0
16472.0,70,2,722.6,0,0.0
15764.0,70,2,1223.1100000000001,0,2.0
13320.0,70,2,679.4,0,1.0
16108.0,70,3,1392.42,0,3.0
12652.0,70,1,97.05000000000001,0,0.0
18266.0,70,1,251.1,0,0.0
15420.0,70,6,743.0,0,0.0
16864.0,70,2,409.25,0,0.0
17380.0,70,3,645.0,0,1.0
13380.0,68,1,62.4,0,0.0
17022.0,68,1,189.0,0,0.0
13674.0,68,1,240.68,0,1.0
18270.0,68,1,161.4,0,0.0
15196.0,68,2,316.25,0,0.0
13014.0,68,1,1914.8,0,1.0
14254.0,68,1,601.03,0,0.0
13642.0,68,3,159.92,0,1.0
14310.0,68,1,492.1,0,0.0
14342.0,68,2,247.88,0,1.0
15859.0,68,1,430.46,0,0.0
14392.0,68,1,266.4,0,0.0
14008.0,68,1,509.04,0,1.0
16331.0,68,6,2037.7,0,0.0
15143.0,68,1,304.18,0,0.0
13245.0,68,1,558.72,0,0.0
15978.0,68,2,2176.64,0,2.0
14462.0,68,1,260.99,0,0.0
16312.0,68,1,171.15,0,0.0
16799.0,68,2,495.98,0,1.0
16584.0,68,3,2227.59,0,1.0
14579.0,68,1,105.56,0,0.0
16485.0,68,4,1931.03,0,2.0
14455.0,68,4,628.21,0,1.0
16809.0,68,4,812.74,0,0.0
15884.0,68,2,249.70000000000002,0,1.0
13326.0,68,1,281.76,0,0.0
17366.0,68,2,1096.24,0,1.0
17375.0,67,1,260.45,0,0.0
17047.0,67,3,1188.33,0,0.0
13367.0,67,1,475.15000000000003,0,0.0
16476.0,67,1,350.35,0,2.0
13441.0,67,1,424.26,0,0.0
13803.0,67,2,1061.84,0,1.0
13005.0,67,2,485.98,0,1.0
18284.0,67,1,426.63,0,1.0
16532.0,67,2,1090.08,0,0.0
12486.0,67,1,958.13,0,0.0
16414.0,67,3,433.46000000000004,0,0.0
16496.0,67,3,731.25,0,0.0
13360.0,67,4,1516.6,0,3.0
13920.0,67,4,1774.68,0,1.0
14321.0,67,2,685.3100000000001,0,1.0
16332.0,67,4,415.21000000000004,0,1.0
13144.0,67,1,24.4,0,0.0
14916.0,67,4,1773.97,0,2.0
13939.0,67,4,992.41,0,2.0
15789.0,67,5,1608.71,0,1.0
14239.0,67,10,1882.3200000000002,0,1.0
15778.0,67,1,307.95,0,0.0
18017.0,67,1,165.0,0,0.0
15819.0,67,6,2029.34,0,1.0
16061.0,67,1,59.65,0,1.0
13035.0,67,1,442.32,0,0.0
14314.0,66,1,109.80000000000001,0,1.0
14302.0,66,3,742.9000000000001,0,0.0
14169.0,66,2,621.4300000000001,0,0.0
15241.0,66,3,1286.16,0,0.0
18188.0,66,3,1279.55,0,1.0
12516.0,66,2,1296.91,0,0.0
17095.0,66,4,1232.09,0,2.0
12644.0,66,3,1435.53,0,2.0
13177.0,66,1,229.75,0,0.0
16040.0,66,4,1068.35,0,1.0
18244.0,66,2,454.71999999999997,0,0.0
14844.0,66,6,3502.7200000000003,0,2.0
17172.0,66,2,638.81,0,2.0
13238.0,66,2,305.9,0,0.0
14470.0,66,1,250.85,0,0.0
14991.0,66,1,314.67,0,0.0
15490.0,66,1,217.6,0,1.0
16300.0,66,3,1392.43,0,0.0
14064.0,66,10,1864.92,0,4.0
14663.0,66,2,486.6,0,0.0
14492.0,66,7,1921.91,0,3.0
13253.0,66,2,1920.71,0,0.0
14978.0,66,5,1203.72,0,2.0
16348.0,66,1,328.77,0,0.0
15105.0,66,2,795.98,0,0.0
13800.0,66,2,1121.24,0,0.0
17657.0,66,1,126.0,0,0.0
13306.0,66,1,53.65,0,0.0
15795.0,66,7,1369.8600000000001,0,0.0
15782.0,66,1,1399.36,0,1.0
16760.0,66,1,228.0,0,0.0
15249.0,66,5,2551.54,0,1.0
15857.0,66,1,273.48,0,0.0
15128.0,66,1,312.68,0,0.0
13446.0,66,11,3881.89,0,7.0
13055.0,65,1,1106.7,0,1.0
13033.0,65,1,30.0,0,0.0
13707.0,65,3,2559.45,0,0.0
13012.0,65,3,1310.99,0,1.0
13022.0,65,1,65.25,0,0.0
13818.0,65,1,61.28,0,0.0
16384.0,65,2,774.4499999999999,0,0.0
16948.0,65,4,418.75,0,0.0
17642.0,65,3,1112.2,0,0.0
17075.0,65,6,1407.61,0,0.0
13861.0,65,2,273.26,0,1.0
16307.0,65,3,1194.92,0,0.0
14322.0,65,4,474.1,0,2.0
17008.0,65,1,81.36,0,0.0
14657.0,65,2,612.65,0,0.0
16873.0,65,6,7294.33,0,1.0
15074.0,65,2,817.46,0,0.0
16149.0,65,1,141.70000000000002,0,0.0
13556.0,65,2,200.82,0,0.0
16832.0,64,2,218.45999999999998,0,0.0
14339.0,64,1,310.75,0,0.0
13423.0,64,1,217.03,0,0.0
13785.0,64,4,542.49,0,0.0
13382.0,64,4,1164.59,0,0.0
14682.0,64,4,1458.81,0,0.0
17127.0,64,5,1155.0300000000002,0,0.0
12511.0,64,1,3077.02,0,1.0
17249.0,64,1,68.03,0,0.0
12986.0,64,10,2729.84,0,2.0
14118.0,64,1,458.45,0,0.0
13514.0,64,3,659.7,0,0.0
13552.0,64,10,3238.85,0,6.0
12903.0,64,1,833.53,0,0.0
13324.0,64,8,3230.24,0,3.0
13567.0,64,4,1082.69,0,1.0
13871.0,64,4,1482.6,0,3.0
14266.0,64,1,40.56,0,0.0
17354.0,64,3,1750.3999999999999,0,0.0
16980.0,64,1,394.37,0,0.0
15228.0,64,2,2193.56,0,0.0
15600.0,64,4,1199.31,0,1.0
16906.0,64,3,868.03,0,0.0
17742.0,64,9,1638.3700000000001,0,0.0
14465.0,64,8,2580.21,0,0.0
16166.0,64,2,435.83,0,2.0
16841.0,64,6,2136.2400000000002,0,1.0
13776.0,64,2,29.9,0,6.0
15931.0,64,1,214.9,0,0.0
16072.0,64,3,3724.57,0,0.0
15847.0,64,3,433.3,0,0.0
14998.0,64,2,340.86,0,0.0
14525.0,64,8,3908.44,0,0.0
16111.0,64,1,562.48,0,0.0
15598.0,63,1,307.34,0,0.0
16568.0,63,2,690.9000000000001,0,0.0
12835.0,63,41,6043.31,0,8.0
17196.0,63,1,352.9,0,0.0
12458.0,63,2,759.9399999999999,0,0.0
15080.0,63,2,546.25,0,0.0
14885.0,63,2,832.8,0,1.0
17758.0,63,4,1555.83,0,0.0
16329.0,63,4,1703.07,0,0.0
14186.0,63,5,1550.63,0,0.0
14662.0,63,3,637.16,0,0.0
15622.0,63,8,4131.05,0,6.0
14665.0,63,2,913.95,0,0.0
13406.0,63,2,568.92,0,1.0
12853.0,63,5,1950.4,0,2.0
18095.0,63,3,1723.04,0,0.0
16872.0,63,3,433.51,0,0.0
17351.0,63,9,1401.08,0,0.0
13541.0,63,2,785.25,0,1.0
14846.0,63,1,437.4,0,1.0
14754.0,61,4,912.4300000000001,0,1.0
14334.0,61,4,1766.27,0,1.0
12656.0,61,3,2313.96,0,1.0
12359.0,61,6,2453.28,0,2.0
13736.0,61,5,2034.31,0,4.0
12862.0,61,2,998.3199999999999,0,0.0
17465.0,61,7,2537.79,0,2.0
16579.0,61,1,285.05,0,1.0
15969.0,61,2,432.95,0,0.0
14734.0,61,4,1055.42,0,1.0
15046.0,61,10,2594.62,0,2.0
17555.0,61,3,574.48,0,0.0
17518.0,61,2,329.42,0,0.0
17152.0,61,1,327.0,0,0.0
13537.0,61,2,717.85,0,0.0
15177.0,61,1,948.93,0,0.0
14693.0,61,6,992.46,0,1.0
13083.0,61,1,91.67999999999999,0,0.0
15418.0,61,2,452.32,0,0.0
15346.0,61,2,343.7,0,1.0
14346.0,61,3,1294.17,0,0.0
14571.0,61,1,161.65,0,0.0
17111.0,61,1,227.97,0,0.0
18078.0,61,2,508.47,0,0.0
15277.0,61,1,220.44,0,0.0
17714.0,60,4,1247.18,0,4.0
16325.0,60,9,3003.26,0,3.0
12909.0,60,3,924.52,0,2.0
14389.0,60,3,854.55,0,3.0
15562.0,60,2,538.83,0,0.0
13919.0,60,2,963.67,0,0.0
14704.0,60,2,266.66,0,0.0
14590.0,60,20,3006.62,0,8.0
15948.0,60,1,553.85,0,0.0
14412.0,60,1,656.16,0,0.0
12989.0,60,18,4590.04,0,2.0
17264.0,60,1,279.59,0,0.0
16527.0,60,1,1044.38,0,0.0
14319.0,60,1,494.85,0,1.0
15920.0,60,5,379.14,0,0.0
13082.0,60,12,2733.2,0,3.0
14852.0,60,12,3310.4900000000002,0,3.0
16330.0,60,4,382.42,0,0.0
16036.0,60,2,1797.92,0,0.0
17635.0,60,3,1185.58,0,1.0
14401.0,60,9,2744.42,0,2.0
17273.0,60,1,141.12,0,0.0
17710.0,59,1,289.5,0,0.0
14199.0,59,3,906.3,0,2.0
13912.0,59,1,124.95,0,0.0
13971.0,59,6,1908.31,0,1.0
16281.0,59,2,1361.96,0,1.0
12655.0,59,1,258.3,0,0.0
16574.0,59,2,850.34,0,0.0
13710.0,59,2,329.04,0,0.0
15696.0,59,5,1121.1100000000001,0,4.0
15062.0,59,4,1585.1200000000001,0,0.0
16039.0,59,2,456.4,0,1.0
16134.0,59,3,1486.93,0,1.0
17094.0,59,1,100.2,0,0.0
13299.0,59,2,1074.2,0,2.0
14981.0,59,1,270.8,0,1.0
13223.0,59,4,805.9200000000001,0,0.0
15208.0,59,1,100.4,0,0.0
17104.0,59,1,474.03,0,0.0
13296.0,59,5,705.11,0,0.0
14240.0,59,1,353.15,0,0.0
13440.0,59,7,1295.25,0,3.0
16772.0,59,3,3695.5499999999997,0,2.0
13968.0,59,1,123.66,0,0.0
15381.0,59,3,1052.92,0,1.0
14263.0,59,1,322.93,0,0.0
16932.0,59,2,276.77,0,0.0
16774.0,59,4,932.93,0,0.0
16263.0,59,1,351.01,0,0.0
16551.0,59,4,1305.0,0,0.0
12467.0,59,1,132.8,0,1.0
14838.0,59,2,773.6700000000001,0,0.0
17944.0,59,1,75.41,0,0.0
15151.0,59,2,1513.51,0,0.0
17414.0,59,4,714.08,0,0.0
17686.0,59,2,2555.35,0,0.0
14853.0,59,3,893.0699999999999,0,1.0
16266.0,59,7,876.06,0,0.0
13909.0,59,2,286.6,0,0.0
16975.0,59,3,926.12,0,2.0
16701.0,59,13,4427.31,0,3.0
16625.0,58,4,1320.95,0,1.0
15122.0,58,8,2863.69,0,2.0
16643.0,58,1,435.6,0,1.0
17182.0,58,2,321.3,0,0.0
17604.0,58,4,636.57,0,0.0
12424.0,58,2,1579.07,0,3.0
16843.0,58,19,9221.7,0,2.0
12582.0,58,2,1469.04,0,0.0
13792.0,58,1,188.4,0,0.0
16660.0,58,3,535.58,0,0.0
16990.0,58,1,165.0,0,0.0
16238.0,58,1,63.66,0,0.0
14204.0,58,3,901.9300000000001,0,0.0
13832.0,58,1,561.49,0,0.0
12379.0,58,2,767.73,0,0.0
13770.0,58,4,769.37,0,0.0
17851.0,58,6,1563.34,0,0.0
16130.0,58,4,963.48,0,0.0
12900.0,58,1,340.33,0,0.0
16120.0,58,2,1747.77,0,0.0
15242.0,58,1,302.04,0,0.0
16918.0,58,10,2144.47,0,2.0
14316.0,58,5,856.26,0,1.0
17180.0,58,7,1460.95,0,1.0
13696.0,57,3,2020.4,0,1.0
17409.0,57,8,6789.66,0,0.0
13194.0,57,1,412.08,0,0.0
12589.0,57,6,2960.43,0,3.0
15252.0,57,3,1362.63,0,2.0
16518.0,57,2,475.05,0,1.0
14929.0,57,1,612.8100000000001,0,0.0
12798.0,57,1,845.5699999999999,0,0.0
18090.0,57,1,349.4,0,0.0
18037.0,57,9,90.39999999999999,0,0.0
17717.0,57,1,376.92,0,0.0
14343.0,57,4,1088.91,0,0.0
16211.0,57,2,423.57,0,0.0
12374.0,57,3,2121.04,0,0.0
15735.0,57,1,323.68,0,0.0
14584.0,57,4,705.65,0,0.0
16176.0,57,4,2052.69,0,3.0
17751.0,57,1,157.85999999999999,0,0.0
15339.0,57,5,1253.77,0,3.0
16991.0,57,1,1041.21,0,0.0
16912.0,57,4,1900.93,0,0.0
14975.0,57,1,192.45,0,0.0
14296.0,57,2,456.40000000000003,0,1.0
15050.0,57,2,2411.7,0,0.0
15677.0,57,2,642.4,0,0.0
17611.0,57,13,4381.76,0,3.0
17823.0,57,2,488.25,0,0.0
13225.0,57,9,9703.83,0,0.0
15123.0,57,3,2456.86,0,0.0
14956.0,57,1,305.28000000000003,0,0.0
15549.0,57,5,652.7,0,0.0
15626.0,57,1,391.72,0,1.0
15717.0,57,4,456.70000000000005,0,0.0
13829.0,57,1,102.0,0,0.0
12694.0,57,1,961.48,0,1.0
14549.0,56,3,627.3100000000001,0,0.0
13539.0,56,4,938.02,0,1.0
16465.0,56,2,746.24,0,1.0
16153.0,56,6,3205.58,0,2.0
15296.0,56,6,6669.97,0,4.0
13722.0,56,7,3260.0,0,0.0
17510.0,56,1,206.07999999999998,0,0.0
12409.0,56,4,12200.3,0,2.0
17388.0,56,7,1136.25,0,0.0
14168.0,56,2,370.45,0,1.0
15817.0,56,3,2758.4,0,0.0
17202.0,56,1,160.65,0,0.0
17390.0,56,1,149.3,0,0.0
15095.0,56,6,1769.04,0,0.0
15181.0,56,2,510.72,0,2.0
13233.0,56,2,571.34,0,0.0
15400.0,56,3,585.1,0,0.0
12691.0,56,1,131.54999999999998,0,0.0
17536.0,56,2,288.33,0,0.0
15957.0,56,2,501.21,0,0.0
12445.0,56,1,301.58000000000004,0,1.0
17687.0,56,1,432.68,0,0.0
16336.0,56,4,3517.69,0,0.0
15202.0,56,3,44.849999999999994,0,5.0
16656.0,56,15,6052.41,0,8.0
16576.0,56,2,540.87,0,3.0
15651.0,56,2,612.76,0,0.0
17822.0,56,5,2186.5,0,0.0
12987.0,56,3,753.51,0,0.0
15686.0,56,1,90.0,0,0.0
17938.0,56,1,144.29,0,0.0
17316.0,56,1,124.45,0,0.0
13052.0,56,6,2805.38,0,0.0
16253.0,56,5,3587.24,0,1.0
16650.0,56,6,1397.69,0,0.0
18151.0,56,4,1149.09,0,1.0
16810.0,56,1,520.5,0,1.0
13666.0,56,2,43.25,0,0.0
14341.0,56,10,2281.04,0,1.0
16232.0,56,3,1722.09,0,2.0
17597.0,54,4,1429.72,0,2.0
16104.0,54,8,2470.25,0,2.0
16767.0,54,4,2493.2,0,1.0
16054.0,54,3,1047.93,0,3.0
15688.0,54,1,190.57,0,0.0
14953.0,54,3,723.95,0,1.0
13527.0,54,5,2396.23,0,1.0
16124.0,54,3,1511.49,0,1.0
15774.0,54,5,1057.14,0,1.0
14839.0,54,3,915.28,0,0.0
14877.0,54,2,437.0,0,0.0
18112.0,54,2,423.27,0,0.0
14044.0,54,6,2397.8,0,1.0
15772.0,54,1,280.88,0,0.0
17373.0,54,3,520.58,0,0.0
13820.0,54,3,660.65,0,2.0
14175.0,54,5,4444.58,0,5.0
15799.0,54,1,540.15,0,0.0
14712.0,54,1,411.0,0,0.0
17141.0,54,4,754.33,0,0.0
16691.0,54,2,153.83,0,0.0
15367.0,54,7,3201.74,0,1.0
13131.0,54,4,2240.47,0,0.0
15068.0,54,2,623.49,0,0.0
17703.0,54,1,296.1,0,0.0
16283.0,54,3,2833.01,0,2.0
15786.0,53,2,3442.62,0,2.0
13516.0,53,1,293.85,0,0.0
12990.0,53,4,546.0,0,0.0
13214.0,53,7,3264.23,0,0.0
13957.0,53,3,458.25,0,0.0
15934.0,53,2,2156.1,0,0.0
17663.0,53,10,3207.92,0,4.0
16069.0,53,1,457.7,0,0.0
13340.0,53,5,8281.18,0,0.0
14940.0,53,2,531.49,0,0.0
17220.0,53,7,1283.5,0,0.0
12665.0,53,2,244.5,0,1.0
13700.0,53,3,348.34,0,1.0
16856.0,53,2,323.09000000000003,0,0.0
12699.0,53,1,621.91,0,0.0
15674.0,53,8,4486.63,0,2.0
16441.0,53,3,653.23,0,1.0
16017.0,53,4,1316.95,0,0.0
13763.0,53,2,3467.92,0,1.0
17672.0,53,5,2496.52,0,0.0
13152.0,53,7,2119.38,0,2.0
13387.0,53,1,189.44,0,0.0
16202.0,53,8,2111.72,0,2.0
16141.0,53,1,327.54,0,0.0
13079.0,53,1,199.08,0,0.0
16099.0,53,4,841.3,0,1.0
14566.0,53,3,2198.0,0,0.0
12504.0,53,2,290.90000000000003,0,0.0
15459.0,53,2,202.82999999999998,0,0.0
17143.0,53,2,909.11,0,0.0
13088.0,53,1,236.11,0,0.0
17023.0,53,3,800.18,0,0.0
14850.0,53,6,1464.26,0,2.0
16854.0,53,2,1408.96,0,0.0
17848.0,53,21,2613.18,0,1.0
15710.0,53,1,898.87,0,0.0
14572.0,53,4,2778.34,0,1.0
16859.0,52,5,1184.6,0,0.0
12623.0,52,6,3375.64,0,2.0
13929.0,52,9,2547.77,0,2.0
16045.0,52,4,2094.23,0,1.0
17219.0,52,1,144.9,0,0.0
13480.0,52,2,627.82,0,0.0
15886.0,52,3,871.78,0,0.0
14891.0,52,2,552.35,0,0.0
13002.0,52,2,293.18,0,0.0
14648.0,52,15,4443.18,0,4.0
17397.0,52,1,536.77,0,0.0
15207.0,52,3,683.9200000000001,0,2.0
13840.0,52,1,651.4,0,0.0
14301.0,52,3,1331.88,0,2.0
13659.0,52,10,3265.68,0,4.0
14469.0,52,4,2100.21,0,0.0
17137.0,52,6,1133.63,0,0.0
16096.0,52,3,1034.3500000000001,0,0.0
14541.0,52,6,1038.03,0,0.0
17205.0,52,2,602.25,0,0.0
13981.0,51,1,331.14,0,1.0
13373.0,51,3,4203.7,0,0.0
15608.0,51,1,692.3,0,0.0
13502.0,51,2,488.5,0,1.0
18241.0,51,4,913.9,0,1.0
16201.0,51,1,248.65,0,0.0
16776.0,51,1,231.57,0,0.0
14700.0,51,2,880.96,0,0.0
16523.0,51,7,2489.86,0,4.0
16521.0,51,3,1128.97,0,0.0
13703.0,51,1,326.06,0,1.0
13292.0,51,3,410.57,0,1.0
14656.0,51,3,523.6,0,0.0
13740.0,51,4,1239.02,0,0.0
13557.0,51,11,2448.2,0,3.0
16702.0,51,4,1098.83,0,1.0
16642.0,51,1,389.12,0,1.0
12421.0,51,2,263.46,0,1.0
18008.0,51,14,4793.76,0,0.0
13104.0,51,3,610.62,0,0.0
15647.0,51,1,169.0,0,0.0
12530.0,51,5,2030.1399999999999,0,2.0
14624.0,51,4,588.22,0,0.0
14612.0,51,1,877.7,0,0.0
17038.0,51,1,630.77,0,0.0
12387.0,51,1,139.94,0,0.0
13368.0,50,2,463.05,0,1.0
18247.0,50,3,839.73,0,3.0
13374.0,50,2,387.75,0,0.0
14644.0,50,5,1412.96,0,3.0
14227.0,50,5,3017.75,0,2.0
17834.0,50,2,652.95,0,0.0
17483.0,50,1,177.69,0,0.0
13386.0,50,2,835.46,0,0.0
13092.0,50,7,1662.45,0,2.0
13195.0,50,1,172.38,0,0.0
12400.0,50,1,205.25,0,0.0
15995.0,50,1,695.19,0,0.0
15257.0,50,1,108.65,0,0.0
14148.0,50,1,309.09000000000003,0,0.0
18243.0,50,1,515.78,0,0.0
13166.0,50,1,466.98,0,0.0
15251.0,50,10,9580.33,0,6.0
16310.0,50,2,460.08,0,0.0
14216.0,50,1,310.74,0,1.0
16167.0,50,5,1261.16,0,1.0
14000.0,50,4,1410.68,0,2.0
14442.0,50,5,3373.1,0,2.0
13581.0,50,1,162.53,0,0.0
16540.0,50,1,226.70000000000002,0,0.0
14686.0,50,5,885.83,0,1.0
15645.0,50,2,441.16,0,1.0
13291.0,50,10,2957.73,0,0.0
15637.0,49,4,520.39,0,0.0
12972.0,49,4,1159.2,0,2.0
16777.0,49,3,1077.41,0,1.0
12960.0,49,4,1294.3500000000001,0,0.0
12615.0,49,4,3405.29,0,3.0
13629.0,49,8,5013.96,0,0.0
12899.0,49,1,356.4,0,0.0
12973.0,49,1,125.45,0,0.0
12418.0,49,3,1352.62,0,1.0
13107.0,49,5,3721.45,0,5.0
15900.0,49,3,549.29,0,1.0
16497.0,49,17,3715.59,0,0.0
14945.0,49,1,179.4,0,0.0
16392.0,49,2,539.86,0,0.0
16053.0,49,4,2092.65,0,2.0
13746.0,49,1,176.69,0,0.0
14290.0,49,3,2201.91,0,5.0
13266.0,49,7,2273.06,0,4.0
15314.0,49,2,492.47999999999996,0,1.0
16428.0,49,3,660.28,0,0.0
13106.0,49,1,348.91,0,0.0
13018.0,49,7,2343.41,0,1.0
12369.0,49,3,1615.8,0,0.0
14309.0,49,2,1426.28,0,0.0
14080.0,49,4,871.08,0,1.0
15067.0,49,2,2048.12,0,1.0
12787.0,49,1,395.46999999999997,0,1.0
14870.0,49,5,1511.7,0,3.0
15865.0,49,2,1345.79,0,0.0
16491.0,49,1,801.66,0,1.0
14728.0,49,1,190.58,0,0.0
13059.0,49,9,2119.77,0,2.0
13165.0,49,1,429.68,0,0.0
17843.0,47,1,120.75,0,0.0
13241.0,47,1,115.58,0,0.0
16351.0,47,12,3176.13,0,5.0
13544.0,47,4,537.59,0,1.0
16693.0,47,3,716.45,0,0.0
16024.0,47,2,232.96,0,0.0
17407.0,47,1,552.9,0,0.0
14553.0,47,4,982.27,0,1.0
15994.0,47,2,775.11,0,2.0
14532.0,47,7,2926.33,0,1.0
14277.0,47,6,1761.1,0,4.0
15723.0,47,3,744.55,0,0.0
14211.0,47,9,2161.19,0,4.0
15248.0,47,3,1893.93,0,1.0
17260.0,47,1,95.95,0,0.0
13333.0,47,3,1015.74,0,0.0
13574.0,47,1,421.25,0,0.0
13948.0,47,3,446.76,0,1.0
17435.0,47,1,327.35,0,0.0
13073.0,47,2,412.08,0,0.0
16920.0,47,1,355.45,0,0.0
13977.0,47,1,519.8100000000001,0,0.0
15665.0,47,3,1773.11,0,0.0
18110.0,47,1,199.13,0,0.0
14183.0,47,2,286.29,0,0.0
14551.0,47,5,693.81,0,2.0
16677.0,47,2,860.62,0,1.0
16655.0,47,7,2753.85,0,1.0
15337.0,47,1,373.02,0,1.0
13898.0,47,1,530.47,0,0.0
13565.0,47,1,174.57999999999998,0,0.0
12926.0,47,4,1543.46,0,0.0
14181.0,46,2,310.55,0,0.0
15065.0,46,1,168.73,0,0.0
17325.0,46,2,502.77,0,0.0
15174.0,46,1,345.71,0,0.0
13462.0,46,4,1002.35,0,0.0
14197.0,46,1,388.05,0,0.0
16193.0,46,1,315.98,0,0.0
17981.0,46,1,239.12,0,0.0
17393.0,46,2,381.15,0,0.0
15976.0,46,4,1315.7,0,0.0
17236.0,46,6,981.13,0,0.0
15294.0,46,1,233.35,0,1.0
15370.0,46,1,1352.96,0,0.0
13733.0,46,2,487.03000000000003,0,1.0
14292.0,46,7,4354.32,0,6.0
12449.0,46,2,753.35,0,0.0
14249.0,46,12,5585.461,0,0.0
12790.0,46,1,262.88,0,1.0
14718.0,46,1,226.42,0,0.0
18016.0,46,2,476.90000000000003,0,0.0
16259.0,46,3,361.94,0,0.0
12417.0,46,11,3108.61,0,4.0
15064.0,46,4,1184.31,0,0.0
14413.0,46,3,319.82,0,0.0
14353.0,46,2,285.9,0,0.0
15142.0,46,5,2121.18,0,1.0
17867.0,46,9,391.8,0,3.0
17070.0,46,1,133.18,0,0.0
17767.0,46,1,141.85,0,0.0
17083.0,45,6,2644.01,0,2.0
12475.0,45,1,426.16,0,0.0
12411.0,45,1,346.9,0,0.0
14640.0,45,4,1541.98,0,4.0
14740.0,45,8,2680.85,0,1.0
15366.0,45,5,1786.57,0,0.0
17327.0,45,2,152.35,0,0.0
14219.0,45,2,543.89,0,0.0
16785.0,45,1,533.78,0,0.0
13363.0,45,1,729.36,0,0.0
14897.0,45,4,1770.16,0,1.0
14524.0,45,4,1060.03,0,0.0
15620.0,45,1,389.18,0,1.0
16962.0,45,1,251.04,0,0.0
14324.0,45,2,701.61,0,0.0
14278.0,45,1,205.83,0,0.0
13067.0,45,2,393.05,0,0.0
16372.0,45,3,960.68,0,1.0
12371.0,45,3,1953.97,0,0.0
13578.0,45,1,147.66,0,0.0
17829.0,45,4,3867.5,0,1.0
13274.0,45,1,360.85,0,0.0
17034.0,45,2,538.4,0,1.0
17623.0,45,6,1847.6200000000001,0,0.0
13157.0,45,5,3946.14,0,0.0
13906.0,45,1,42.0,0,0.0
16757.0,45,1,163.65,0,0.0
13953.0,45,5,900.0,0,0.0
15773.0,45,1,138.84,0,0.0
17404.0,45,8,10348.61,0,2.0
18136.0,45,2,847.03,0,3.0
15536.0,45,1,259.09,0,0.0
14970.0,45,8,3327.29,0,4.0
14271.0,45,1,106.81,0,0.0
17593.0,45,6,4168.46,0,3.0
16639.0,45,1,490.47,0,0.0
12645.0,45,4,1733.62,0,1.0
14201.0,45,3,446.1,0,0.0
15876.0,45,2,1135.94,0,0.0
12537.0,44,1,657.79,0,0.0
12505.0,44,1,872.9,0,1.0
14475.0,44,1,225.3,0,0.0
12676.0,44,5,1346.35,0,1.0
12563.0,44,1,236.19,0,0.0
13692.0,44,2,1626.08,0,1.0
16692.0,44,2,189.89999999999998,0,0.0
15198.0,44,3,377.71,0,1.0
17513.0,44,2,645.6,0,0.0
17473.0,44,2,603.0,0,1.0
16188.0,44,1,105.80000000000001,0,1.0
14105.0,44,4,4722.6,0,3.0
16433.0,44,1,200.26,0,0.0
12353.0,44,1,317.76,0,0.0
13466.0,44,4,705.45,0,1.0
16418.0,44,2,424.67,0,0.0
15807.0,44,2,853.14,0,1.0
17436.0,44,3,317.76,0,2.0
14639.0,44,3,1985.47,0,0.0
14400.0,44,2,1123.21,0,1.0
13617.0,44,5,732.57,0,1.0
13547.0,44,1,175.53,0,0.0
14281.0,44,1,245.15,0,0.0
17478.0,44,2,1272.8,0,0.0
17326.0,44,2,319.95,0,0.0
14904.0,44,2,615.2,0,0.0
16014.0,44,2,467.89,0,0.0
13713.0,44,3,723.26,0,0.0
16382.0,44,2,322.1,0,0.0
18060.0,44,2,1185.46,0,0.0
12349.0,43,3,2169.04,0,1.0
16628.0,43,2,130.05,0,0.0
15328.0,43,1,107.24,0,0.0
14847.0,43,2,1039.55,0,1.0
15285.0,43,1,94.92,0,0.0
16343.0,43,1,311.59,0,0.0
15167.0,43,4,1479.67,0,0.0
16129.0,43,3,1246.0,0,0.0
16630.0,43,1,106.80000000000001,0,1.0
13669.0,43,1,195.0,0,0.0
17853.0,43,3,1608.19,0,0.0
13031.0,43,5,3419.27,0,0.0
14303.0,43,2,277.94,0,0.0
17063.0,43,6,2177.39,0,6.0
14294.0,43,1,375.34,0,0.0
14533.0,43,4,1338.09,0,2.0
14276.0,43,4,982.94,0,4.0
14834.0,43,1,481.86,0,0.0
14714.0,43,3,746.05,0,3.0
13461.0,43,3,2594.04,0,2.0
14481.0,43,3,1674.98,0,1.0
16780.0,43,1,180.36,0,0.0
13780.0,43,1,375.81,0,0.0
17323.0,43,5,644.52,0,0.0
13476.0,42,3,819.0,0,0.0
15887.0,42,3,1027.15,0,0.0
16635.0,42,1,473.0,0,0.0
14035.0,42,4,1428.7,0,2.0
14088.0,42,3,13154.99,0,3.0
15170.0,42,1,81.15,0,0.0
13815.0,42,4,3153.61,0,1.0
17741.0,42,2,101.1,0,0.0
16308.0,42,3,138.24,0,0.0
17334.0,42,1,328.13,0,0.0
17934.0,42,1,344.90000000000003,0,0.0
16836.0,42,2,530.5,0,0.0
17821.0,42,1,334.62,0,0.0
13431.0,42,6,2047.14,0,1.0
13282.0,42,1,181.05,0,0.0
18231.0,42,23,4797.7,0,1.0
14746.0,42,4,593.5,0,0.0
13580.0,42,1,82.75,0,0.0
14490.0,42,2,1273.47,0,0.0
13711.0,42,7,1537.2,0,6.0
14122.0,42,3,362.42,0,2.0
16565.0,42,3,599.35,0,1.0
17109.0,42,2,410.42,0,0.0
16058.0,42,1,62.7,0,0.0
13421.0,42,6,2247.04,0,2.0
16756.0,40,6,1047.97,0,2.0
17621.0,40,3,1795.22,0,1.0
14213.0,40,1,1192.2,0,1.0
15439.0,40,4,1269.05,0,0.0
17376.0,40,2,250.44,0,0.0
12842.0,40,2,799.0,0,0.0
12608.0,40,1,415.79,0,0.0
12601.0,40,1,100.14999999999999,0,0.0
13888.0,40,5,1561.42,0,0.0
15501.0,40,2,402.5,0,0.0
14087.0,40,2,647.8,0,1.0
18149.0,40,4,1012.63,0,0.0
13677.0,40,2,556.1899999999999,0,0.0
16724.0,40,1,147.35,0,0.0
18278.0,40,1,240.3,0,0.0
14848.0,40,1,310.56,0,0.0
17413.0,40,2,525.5799999999999,0,0.0
14918.0,40,7,4345.66,0,0.0
13001.0,40,20,14353.28,0,2.0
16788.0,40,3,1352.82,0,0.0
16606.0,40,2,357.66,0,0.0
14247.0,40,4,635.89,0,1.0
15535.0,40,2,551.42,0,2.0
13833.0,40,1,316.56,0,0.0
15675.0,40,1,218.35,0,0.0
14805.0,40,3,549.99,0,0.0
17142.0,40,3,694.75,0,0.0
13760.0,40,3,1076.85,0,1.0
16652.0,40,9,10700.1,0,4.0
14286.0,40,4,3820.77,0,3.0
17728.0,40,2,1356.75,0,1.0
14505.0,40,11,6085.1,0,5.0
15879.0,40,4,1059.3,0,0.0
16984.0,40,7,6183.45,0,7.0
16611.0,39,5,1590.64,0,0.0
14429.0,39,1,516.28,0,0.0
15110.0,39,2,434.75,0,0.0
15365.0,39,6,2234.81,0,0.0
16876.0,39,1,136.01,0,0.0
15958.0,39,3,388.64,0,0.0
14777.0,39,1,299.56,0,1.0
14229.0,39,4,1021.84,0,2.0
14075.0,39,3,767.61,0,0.0
16732.0,39,3,3499.84,0,5.0
15253.0,39,3,1132.89,0,3.0
18127.0,39,1,212.8,0,0.0
17190.0,39,5,1040.05,0,0.0
13883.0,39,10,3878.54,0,7.0
12492.0,39,1,439.8,0,0.0
13359.0,39,1,568.7,0,1.0
14426.0,39,7,7025.27,0,4.0
15456.0,39,7,1670.05,0,0.0
17708.0,38,2,620.85,0,0.0
14794.0,38,3,386.99,0,1.0
17609.0,38,6,781.12,0,2.0
14617.0,38,2,190.47000000000003,0,0.0
17121.0,38,1,314.74,0,0.0
13607.0,38,1,400.3,0,1.0
13535.0,38,1,89.5,0,0.0
12389.0,38,3,1433.33,0,0.0
16117.0,38,2,422.19,0,1.0
14480.0,38,3,1019.47,0,1.0
13937.0,38,1,721.28,0,1.0
15245.0,38,5,2095.0,0,0.0
17003.0,38,4,830.16,0,0.0
13251.0,38,1,252.68,0,0.0
13453.0,38,1,424.71,0,2.0
12413.0,38,1,215.25,0,0.0
16374.0,38,3,1277.42,0,0.0
13134.0,38,2,601.65,0,0.0
16225.0,38,10,1771.0900000000001,0,3.0
17276.0,38,1,496.39,0,1.0
13921.0,38,4,728.7,0,1.0
14363.0,38,2,227.47000000000003,0,0.0
12412.0,38,3,1351.75,0,2.0
17764.0,38,3,803.82,0,0.0
18178.0,38,7,4487.93,0,2.0
16614.0,38,2,673.6,0,0.0
13215.0,38,1,81.6,0,0.0
16676.0,38,2,765.78,0,0.0
15458.0,38,1,208.79999999999998,0,0.0
13331.0,37,1,195.4,0,0.0
15981.0,37,13,5954.29,0,6.0
14912.0,37,4,996.68,0,4.0
13562.0,37,5,3038.85,0,0.0
12673.0,37,1,610.35,0,0.0
14942.0,37,4,746.56,0,1.0
14498.0,37,5,1868.6,0,0.0
15915.0,37,1,429.21,0,0.0
16865.0,37,1,130.95,0,0.0
18141.0,37,2,882.47,0,1.0
16623.0,37,3,885.79,0,1.0
15336.0,37,1,240.5,0,0.0
13045.0,37,2,503.64,0,0.0
14494.0,37,2,261.9,0,0.0
13500.0,37,1,299.53,0,0.0
15233.0,37,1,59.400000000000006,0,0.0
14398.0,37,2,707.79,0,0.0
15158.0,37,1,54.57,0,1.0
16012.0,37,2,1574.5,0,0.0
14484.0,37,3,749.0600000000001,0,0.0
12877.0,37,8,1419.4,0,0.0
17254.0,37,1,198.29,0,0.0
13249.0,37,6,897.52,0,0.0
13080.0,37,3,222.65,0,1.0
16542.0,37,1,137.7,0,0.0
16178.0,37,1,414.7,0,0.0
15481.0,37,1,1993.34,0,0.0
16712.0,37,2,621.5600000000001,0,0.0
16590.0,36,2,601.9,0,1.0
15888.0,36,2,260.85,0,0.0
15724.0,36,1,92.6,0,1.0
15073.0,36,5,1732.61,0,0.0
14737.0,36,1,2389.62,0,0.0
16887.0,36,2,465.84000000000003,0,0.0
15489.0,36,5,1285.3300000000002,0,3.0
15270.0,36,14,5625.17,0,8.0
14136.0,36,5,1570.81,0,2.0
15379.0,36,1,1170.55,0,0.0
17935.0,36,5,540.35,0,1.0
16060.0,36,3,541.95,0,0.0
15910.0,36,7,1449.6200000000001,0,0.0
16391.0,36,4,1102.61,0,0.0
12914.0,36,1,223.98,0,0.0
12497.0,36,2,4293.63,0,1.0
17362.0,36,5,709.8100000000001,0,1.0
16888.0,36,3,420.15,0,0.0
13772.0,36,5,1875.09,0,1.0
14447.0,36,1,548.5,0,0.0
14198.0,36,5,853.33,0,1.0
17286.0,36,2,241.56,0,0.0
13395.0,36,2,812.03,0,0.0
16563.0,36,5,3302.78,0,1.0
17977.0,36,1,1267.49,0,1.0
16707.0,36,4,551.11,0,0.0
16705.0,36,22,28907.541,0,10.0
13648.0,36,8,1764.02,0,3.0
13597.0,36,2,396.71,0,1.0
13303.0,36,1,61.72,0,0.0
16147.0,36,4,2023.91,0,2.0
13172.0,36,1,69.6,0,0.0
12917.0,36,5,3765.2,0,2.0
15729.0,36,2,107.55000000000001,0,1.0
13660.0,36,1,313.59,0,1.0
12958.0,36,2,539.49,0,0.0
13206.0,36,13,8370.84,0,2.0
18181.0,36,4,823.14,0,2.0
17469.0,36,12,3178.28,0,4.0
13903.0,36,1,165.45000000000002,0,0.0
15425.0,36,4,1944.57,0,0.0
15521.0,36,8,4082.44,0,3.0
14687.0,36,2,773.6800000000001,0,0.0
17913.0,36,12,3068.04,0,0.0
15389.0,36,4,660.96,0,0.0
15792.0,35,2,933.84,0,0.0
12817.0,35,2,474.84000000000003,0,0.0
12477.0,35,3,7056.63,0,0.0
13846.0,35,1,442.73,0,0.0
14129.0,35,4,1467.48,0,0.0
13037.0,35,9,3013.88,0,4.0
17876.0,35,3,1006.56,0,0.0
15584.0,35,2,550.39,0,0.0
13278.0,35,3,893.12,0,1.0
12406.0,35,3,2853.54,0,1.0
13646.0,35,2,326.25,0,1.0
12588.0,35,3,618.63,0,1.0
16607.0,35,11,2355.16,0,2.0
13836.0,35,2,620.37,0,1.0
13615.0,35,7,5557.79,0,3.0
12749.0,35,4,2741.48,0,4.0
12480.0,35,3,1976.21,0,1.0
18018.0,35,2,175.85,0,1.0
13154.0,35,3,1624.84,0,1.0
12450.0,35,3,490.32,0,2.0
13959.0,35,3,477.98,0,0.0
15560.0,33,2,153.52,0,0.0
13008.0,33,2,382.66,0,3.0
14534.0,33,8,1805.06,0,5.0
16889.0,33,3,952.23,0,0.0
16640.0,33,1,179.4,0,0.0
13259.0,33,8,1141.06,0,0.0
16787.0,33,4,1031.43,0,0.0
12873.0,33,2,1653.3,0,0.0
16115.0,33,4,907.17,0,0.0
18083.0,33,1,468.72999999999996,0,0.0
17525.0,33,2,739.2,0,0.0
16560.0,33,6,2185.97,0,1.0
13849.0,33,3,1930.35,0,1.0
17774.0,33,5,2101.64,0,3.0
17931.0,33,12,3025.93,0,4.0
14593.0,33,9,3094.02,0,6.0
17033.0,33,1,302.65000000000003,0,0.0
17041.0,33,3,604.71,0,0.0
17871.0,33,4,963.09,0,0.0
14203.0,33,1,339.34,0,0.0
17107.0,33,4,5225.43,0,2.0
16559.0,33,1,185.20000000000002,0,0.0
13276.0,33,3,1327.33,0,2.0
12820.0,33,7,1747.18,0,2.0
13561.0,33,10,1676.86,0,0.0
16298.0,33,4,487.5,0,2.0
14053.0,33,2,312.05,0,0.0
17550.0,33,6,2270.48,0,1.0
14038.0,33,2,1509.5,0,2.0
16511.0,33,3,867.76,0,0.0
12867.0,33,6,3876.47,0,0.0
13178.0,33,10,8333.72,0,4.0
18277.0,33,4,1004.6700000000001,0,2.0
16549.0,33,24,9026.55,0,3.0
12476.0,32,12,7117.64,0,6.0
14758.0,32,3,1364.91,0,0.0
12892.0,32,1,263.38,0,0.0
12435.0,32,4,5390.4400000000005,0,0.0
15921.0,32,3,466.08,0,0.0
17716.0,32,13,10286.98,0,2.0
14420.0,32,3,1245.65,0,2.0
12778.0,32,3,953.1,0,0.0
15870.0,32,3,456.52,0,0.0
13773.0,32,2,301.54,0,0.0
16205.0,32,3,1069.23,0,0.0
13377.0,32,2,1449.78,0,2.0
14952.0,32,21,9527.86,0,8.0
16470.0,32,7,1696.21,0,0.0
14927.0,32,1,308.2,0,0.0
14193.0,32,1,356.8,0,0.0
17258.0,32,2,417.3,0,0.0
14530.0,32,10,3251.4900000000002,0,3.0
13967.0,32,1,85.6,0,0.0
17429.0,32,2,832.54,0,1.0
15227.0,32,4,1267.0900000000001,0,0.0
17000.0,32,2,406.3,0,0.0
17692.0,32,8,2232.86,0,1.0
15641.0,32,8,3458.35,0,0.0
16553.0,32,21,10039.23,0,2.0
13538.0,32,5,1831.88,0,0.0
17084.0,32,1,2253.22,0,1.0
15777.0,32,3,713.5,0,1.0
16383.0,32,5,2304.48,0,2.0
15992.0,32,2,854.61,0,0.0
12693.0,32,3,822.71,0,2.0
14460.0,32,6,640.62,0,2.0
15255.0,32,8,2824.57,0,2.0
16420.0,32,1,75.0,0,0.0
15390.0,32,2,1216.66,0,0.0
13738.0,32,1,440.93,0,0.0
16018.0,32,2,289.23,0,0.0
14016.0,32,7,7006.15,0,1.0
17588.0,32,4,1699.35,0,2.0
15441.0,32,3,1254.21,0,0.0
15617.0,32,3,828.5500000000001,0,0.0
18098.0,32,1,550.84,0,0.0
13691.0,32,1,212.78,0,0.0
15635.0,31,1,70.35,0,0.0
16387.0,31,4,822.19,0,0.0
14275.0,31,6,1189.3799999999999,0,0.0
14114.0,31,5,977.5600000000001,0,0.0
14626.0,31,7,2619.65,0,1.0
16503.0,31,7,2175.41,0,1.0
16381.0,31,2,258.7,0,0.0
14258.0,31,16,18180.4,0,6.0
12454.0,31,4,7447.19,0,3.0
16170.0,31,14,4973.95,0,4.0
17476.0,31,2,483.86,0,2.0
14902.0,31,2,702.96,0,1.0
14867.0,31,13,2171.78,0,3.0
14610.0,31,2,24.35,0,0.0
15011.0,31,2,416.6,0,0.0
15159.0,31,4,3463.7200000000003,0,0.0
17274.0,31,1,465.4,0,0.0
12907.0,31,2,498.91,0,1.0
14817.0,31,5,2674.27,0,2.0
15394.0,31,7,3103.26,0,2.0
17081.0,31,4,664.23,0,0.0
17208.0,31,1,115.35,0,0.0
17467.0,31,1,102.6,0,0.0
15325.0,31,7,1439.72,0,1.0
16977.0,31,4,496.0,0,0.0
17983.0,31,1,171.71,0,0.0
16740.0,31,1,236.81,0,0.0
17726.0,31,7,1092.06,0,1.0
17307.0,31,11,3851.57,0,4.0
17878.0,31,2,1032.88,0,0.0
16400.0,31,8,2850.5099999999998,0,0.0
14452.0,31,2,401.15,0,0.0
17738.0,31,9,2304.51,0,1.0
17797.0,31,5,1205.44,0,0.0
15678.0,31,2,1541.19,0,0.0
12437.0,31,21,7582.49,0,7.0
16021.0,31,2,532.25,0,0.0
17560.0,31,4,1040.85,0,0.0
14899.0,31,1,1334.88,0,0.0
14077.0,31,1,115.66,0,0.0
14535.0,31,6,3165.54,0,1.0
17807.0,31,3,432.87,0,0.0
15027.0,31,6,1864.6100000000001,0,1.0
17363.0,31,3,940.86,0,0.0
17374.0,31,1,231.34,0,1.0
16571.0,31,7,2827.05,0,5.0
13721.0,31,1,217.39999999999998,0,0.0
12982.0,30,7,2352.27,0,8.0
17082.0,30,4,2728.18,0,0.0
13809.0,30,2,455.05,0,0.0
16190.0,30,7,2463.4700000000003,0,0.0
14365.0,30,2,634.68,0,0.0
13945.0,30,2,854.15,0,0.0
12927.0,30,1,195.31,0,0.0
17101.0,30,3,885.3199999999999,0,0.0
17644.0,30,9,3132.96,0,2.0
13671.0,30,1,194.95,0,0.0
16183.0,30,3,739.1,0,0.0
16034.0,30,3,491.02,0,1.0
16358.0,30,1,892.1500000000001,0,0.0
14725.0,30,3,597.16,0,1.0
15197.0,30,3,797.9,0,2.0
13632.0,30,3,1518.88,0,1.0
15131.0,30,1,80.28,0,0.0
15527.0,30,15,3138.86,0,6.0
12997.0,30,4,884.02,0,5.0
14577.0,30,3,514.54,0,0.0
12876.0,30,2,1851.22,0,1.0
12823.0,30,13,4742.0,0,0.0
13464.0,30,5,2420.96,0,1.0
15691.0,30,3,434.5,0,1.0
14191.0,30,2,132.9,0,1.0
14676.0,30,6,5564.47,0,2.0
15890.0,30,5,405.65,0,0.0
17321.0,30,4,978.32,0,0.0
16208.0,30,8,2760.19,0,0.0
16868.0,30,3,393.39,0,0.0
12422.0,30,14,3132.85,0,4.0
14399.0,30,8,2113.16,0,1.0
14615.0,30,5,951.76,0,1.0
16119.0,30,6,1297.45,0,0.0
17515.0,30,5,897.4399999999999,0,0.0
13183.0,30,6,3078.4,0,3.0
15001.0,30,2,228.86,0,0.0
15551.0,30,6,1274.02,0,2.0
13096.0,30,1,89.69999999999999,0,0.0
18220.0,30,5,1616.48,0,4.0
14205.0,30,7,1947.5,0,2.0
17695.0,30,3,980.7,0,1.0
13915.0,30,1,70.80000000000001,0,1.0
17903.0,30,1,381.09000000000003,0,0.0
18280.0,30,1,307.55,0,1.0
15368.0,30,1,245.8,0,0.0
13252.0,30,2,393.3,0,1.0
14651.0,30,7,1322.47,0,0.0
15276.0,30,3,512.22,0,1.0
15031.0,30,10,2486.44,0,2.0
17350.0,30,3,617.971,0,0.0
13202.0,30,7,1549.3,0,1.0
17521.0,30,2,544.85,0,0.0
17293.0,30,8,1898.1200000000001,0,0.0
12666.0,30,1,1244.42,0,0.0
16662.0,30,1,163.8,0,0.0
16786.0,29,1,51.839999999999996,0,0.0
17930.0,29,8,2353.3,0,2.0
15138.0,29,1,477.52,0,1.0
15944.0,29,3,1792.74,0,0.0
15623.0,29,7,2136.02,0,0.0
17688.0,29,1,304.2,0,1.0
15215.0,29,4,1687.49,0,1.0
14922.0,29,2,843.74,0,0.0
16412.0,29,4,495.4,0,0.0
15290.0,29,8,2549.06,0,1.0
16395.0,29,9,2048.95,0,3.0
16945.0,29,14,4202.66,0,2.0
13614.0,29,2,742.73,0,0.0
16824.0,29,1,225.6,0,0.0
17423.0,29,1,420.54,0,0.0
13719.0,29,6,1757.57,0,0.0
17306.0,29,2,674.4000000000001,0,0.0
17416.0,29,15,10114.03,0,1.0
13246.0,29,5,1400.1299999999999,0,2.0
13857.0,29,6,996.01,0,1.0
17308.0,29,2,874.0799999999999,0,0.0
13821.0,29,4,990.09,0,1.0
14004.0,29,4,1675.81,0,0.0
16284.0,29,1,205.8,0,0.0
18262.0,29,2,428.06,0,0.0
13226.0,29,1,204.25,0,0.0
17314.0,29,9,2375.51,0,2.0
16827.0,29,5,390.13,0,0.0
15842.0,29,2,548.8,0,1.0
13979.0,29,6,2539.36,0,4.0
17558.0,29,1,259.17,0,0.0
17815.0,29,1,591.96,0,0.0
17980.0,29,1,221.97,0,0.0
12803.0,29,1,1092.56,0,0.0
17759.0,29,2,441.92,0,0.0
12924.0,29,8,1258.5,0,1.0
16735.0,29,9,3970.0,0,6.0
16471.0,29,3,966.03,0,2.0
13263.0,29,4,1250.6200000000001,0,0.0
18050.0,29,1,337.66,0,0.0
14600.0,29,1,471.84000000000003,0,0.0
16690.0,29,2,127.45,0,0.0
13975.0,29,6,2832.56,0,1.0
15998.0,29,11,5210.37,0,4.0
14379.0,29,2,891.81,0,0.0
15016.0,29,4,460.26,0,1.0
13410.0,29,4,1158.1,0,1.0
18057.0,29,3,1203.56,0,0.0
16670.0,29,9,3934.25,0,7.0
15814.0,29,2,689.11,0,0.0
16797.0,29,5,1823.77,0,4.0
18054.0,28,1,176.5,0,0.0
15468.0,28,1,894.49,0,1.0
12402.0,28,5,1031.0,0,1.0
18276.0,28,5,1320.66,0,2.0
13316.0,28,6,5321.12,0,1.0
18135.0,28,5,567.71,0,3.0
17076.0,28,3,401.66999999999996,0,0.0
18007.0,28,1,218.32,0,0.0
17772.0,28,1,202.0,0,0.0
14082.0,28,1,231.10999999999999,0,0.0
15587.0,28,3,608.4000000000001,0,0.0
13309.0,28,1,249.58,0,0.0
15566.0,28,2,227.87,0,0.0
13931.0,28,9,3957.37,0,0.0
17210.0,28,1,253.37,0,0.0
14194.0,28,15,7321.07,0,7.0
15385.0,28,2,625.2,0,0.0
17311.0,28,4,2173.71,0,1.0
12576.0,28,3,776.79,0,2.0
13032.0,28,7,1823.37,0,1.0
16199.0,28,7,942.75,0,0.0
17004.0,28,2,1012.22,0,0.0
13293.0,28,6,1192.94,0,1.0
17006.0,28,4,854.54,0,0.0
17803.0,28,1,184.66,0,0.0
16727.0,28,3,1164.6,0,0.0
17984.0,28,4,1036.59,0,0.0
13961.0,28,1,538.4,0,1.0
14690.0,28,2,420.63,0,0.0
16303.0,28,4,2567.64,0,1.0
13601.0,28,2,491.82,0,0.0
15179.0,28,8,5263.97,0,2.0
12635.0,28,2,1219.88,0,0.0
14732.0,28,11,2804.58,0,3.0
13723.0,28,5,1005.35,0,0.0
14609.0,26,6,256.32,0,1.0
16444.0,26,13,2999.91,0,2.0
15569.0,26,5,2205.64,0,0.0
18063.0,26,2,186.60000000000002,0,0.0
14024.0,26,1,318.04,0,0.0
17300.0,26,2,393.64,0,0.0
14562.0,26,8,1654.63,0,0.0
13545.0,26,2,374.64,0,1.0
16601.0,26,2,439.45,0,0.0
14936.0,26,4,4210.79,0,1.0
13684.0,26,3,529.75,0,1.0
14052.0,26,1,253.45,0,0.0
16121.0,26,3,609.98,0,1.0
16687.0,26,1,157.63,0,0.0
17495.0,26,1,309.16,0,1.0
15615.0,26,24,10965.23,0,3.0
15203.0,26,9,2572.38,0,0.0
16960.0,26,5,1536.38,0,1.0
17561.0,26,3,554.72,0,0.0
15512.0,26,2,210.58,0,0.0
14807.0,26,2,519.29,0,0.0
13167.0,26,1,333.82,0,0.0
14882.0,26,12,3038.4500000000003,0,1.0
16593.0,26,5,741.11,0,1.0
13384.0,26,4,2501.9,0,2.0
12923.0,26,2,612.9,0,0.0
16074.0,26,1,263.25,0,0.0
16416.0,26,6,1921.48,0,0.0
14769.0,26,9,5097.13,0,2.0
17288.0,26,4,1076.25,0,0.0
14224.0,26,5,736.73,0,0.0
16861.0,26,3,772.83,0,1.0
14684.0,26,1,230.27,0,0.0
17497.0,26,2,285.25,0,0.0
12591.0,26,2,832.0500000000001,0,0.0
14854.0,26,4,1561.03,0,2.0
14599.0,26,2,474.54,0,0.0
15283.0,26,3,144.33,0,1.0
17255.0,26,2,500.72,0,0.0
17544.0,26,3,950.69,0,0.0
15452.0,26,3,1260.38,0,0.0
15606.0,26,8,2310.83,0,0.0
17545.0,26,3,772.58,0,0.0
18221.0,26,1,383.33,0,1.0
14559.0,26,1,75.6,0,0.0
15726.0,26,1,321.91,0,0.0
14493.0,26,5,2666.91,0,2.0
14382.0,26,1,620.73,0,1.0
16620.0,25,4,1579.97,0,0.0
14784.0,25,1,159.94,0,0.0
14944.0,25,7,3802.32,0,3.0
14467.0,25,8,1622.23,0,0.0
13582.0,25,2,241.68,0,0.0
15218.0,25,11,5585.28,0,3.0
16314.0,25,3,1491.4,0,0.0
12376.0,25,2,428.0,0,0.0
17139.0,25,13,8883.99,0,1.0
13262.0,25,2,373.16,0,0.0
15493.0,25,4,2309.18,0,0.0
15466.0,25,3,1236.48,0,0.0
17992.0,25,1,254.13,0,0.0
14104.0,25,3,555.37,0,0.0
17138.0,25,6,4020.77,0,0.0
14526.0,25,1,262.4,0,0.0
13862.0,25,1,346.73,0,0.0
12991.0,25,1,236.06,0,0.0
12733.0,25,3,2040.92,0,2.0
17799.0,25,10,3283.96,0,2.0
14451.0,25,10,2632.18,0,6.0
17106.0,25,1,491.23,0,0.0
16933.0,25,7,2608.02,0,4.0
13049.0,25,2,751.5600000000001,0,1.0
13900.0,25,3,869.64,0,1.0
16686.0,25,9,2008.09,0,0.0
16399.0,25,1,233.25,0,0.0
17231.0,25,15,4017.72,0,6.0
14157.0,25,3,569.9,0,0.0
14358.0,25,2,400.06,0,1.0
14065.0,25,3,891.02,0,1.0
12836.0,25,11,3910.76,0,2.0
17740.0,25,6,426.9,0,0.0
16087.0,25,5,1739.92,0,0.0
16103.0,25,16,4756.07,0,5.0
16407.0,25,4,694.72,0,0.0
15164.0,25,6,1225.8700000000001,0,1.0
17284.0,25,2,926.0699999999999,0,2.0
13148.0,25,14,4894.6900000000005,0,5.0
14147.0,24,7,2106.8,0,2.0
12524.0,24,9,6434.19,0,1.0
16602.0,24,1,235.25,0,2.0
13097.0,24,18,7039.01,0,8.0
17994.0,24,7,1560.35,0,1.0
18065.0,24,15,3451.75,0,2.0
14984.0,24,4,1058.1399999999999,0,0.0
12616.0,24,1,411.7,0,1.0
17852.0,24,3,548.87,0,0.0
14675.0,24,1,460.15,0,0.0
14655.0,24,3,1946.28,0,4.0
18154.0,24,3,533.41,0,0.0
18236.0,24,6,913.11,0,0.0
15968.0,24,1,416.05,0,0.0
17203.0,24,4,2012.03,0,0.0
17689.0,24,2,317.08,0,0.0
14735.0,24,24,6168.47,0,1.0
13624.0,24,1,401.6,0,1.0
14550.0,24,2,587.69,0,0.0
14869.0,24,4,2078.54,0,2.0
16347.0,24,9,2621.76,0,2.0
12357.0,24,2,11244.94,0,0.0
17122.0,24,3,432.18,0,0.0
17629.0,24,2,639.4,0,0.0
14101.0,24,7,3821.58,0,1.0
12775.0,24,2,299.98,0,0.0
13439.0,24,2,702.9,0,0.0
15523.0,24,15,15222.32,0,2.0
13789.0,24,1,239.45999999999998,0,0.0
16145.0,24,8,2989.9500000000003,0,3.0
15161.0,24,1,119.92,0,0.0
16961.0,24,2,556.39,0,3.0
14913.0,24,4,2820.7,0,0.0
13300.0,24,2,913.62,0,1.0
13158.0,24,1,307.12,0,0.0
12613.0,24,5,3351.17,0,2.0
14828.0,24,10,6987.14,0,1.0
13795.0,24,4,755.66,0,0.0
14192.0,24,1,293.74,0,0.0
16748.0,24,9,2121.43,0,1.0
12714.0,24,7,9238.45,0,0.0
16829.0,24,1,316.1,0,0.0
14206.0,24,2,856.85,0,1.0
14947.0,24,4,744.97,0,0.0
17490.0,24,2,658.18,0,0.0
17615.0,23,3,403.6,0,1.0
18256.0,23,1,110.7,0,0.0
14776.0,23,4,1170.0,0,2.0
16206.0,23,9,2053.26,0,1.0
13237.0,23,1,643.0,0,0.0
15874.0,23,14,5869.68,0,2.0
14049.0,23,9,7352.26,0,3.0
14417.0,23,1,604.2,0,0.0
16668.0,23,7,551.7,0,0.0
16386.0,23,1,785.39,0,0.0
12423.0,23,2,756.78,0,0.0
13403.0,23,2,154.5,0,0.0
16258.0,23,10,6396.29,0,1.0
17929.0,23,8,2239.1,0,0.0
16006.0,23,1,245.77,0,0.0
13549.0,23,1,87.6,0,0.0
18223.0,23,12,7516.31,0,13.0
14515.0,23,6,1647.17,0,3.0
15184.0,23,2,283.19,0,0.0
12847.0,23,1,765.36,0,0.0
15402.0,23,4,1203.77,0,1.0
17200.0,23,4,280.39,0,0.0
14811.0,23,1,170.5,0,0.0
13593.0,23,9,3469.61,0,1.0
13875.0,23,9,2747.53,0,0.0
16224.0,23,1,317.24,0,0.0
14966.0,23,5,924.5200000000001,0,0.0
18044.0,23,8,1417.01,0,0.0
15515.0,23,1,171.81,0,0.0
17418.0,23,1,206.60000000000002,0,0.0
17768.0,23,4,1236.33,0,1.0
15428.0,23,3,643.97,0,0.0
15727.0,23,8,3702.45,0,0.0
13728.0,23,10,1839.03,0,0.0
17449.0,23,6,2430.29,0,0.0
13964.0,23,2,438.9,0,1.0
12890.0,23,1,334.8,0,0.0
14152.0,23,5,1376.05,0,1.0
17018.0,23,4,1367.6,0,0.0
13198.0,23,2,1516.99,0,2.0
13512.0,23,3,462.18,0,0.0
18195.0,23,1,101.16,0,0.0
15652.0,23,4,1017.6,0,1.0
16992.0,23,8,3772.19,0,1.0
18172.0,23,32,9625.11,0,6.0
17239.0,23,3,806.95,0,1.0
13610.0,23,7,1034.0,0,1.0
14681.0,23,3,376.20000000000005,0,0.0
13870.0,23,7,2941.14,0,1.0
17310.0,23,2,627.3,0,0.0
17639.0,23,5,506.67,0,0.0
16823.0,23,6,1891.71,0,1.0
12726.0,23,4,1384.15,0,0.0
13605.0,23,2,522.67,0,0.0
16915.0,22,5,391.5,0,0.0
18062.0,22,3,912.15,0,3.0
16265.0,22,3,1375.02,0,1.0
13203.0,22,6,1778.79,0,1.0
18066.0,22,2,1122.4,0,0.0
17365.0,22,7,3423.42,0,1.0
14631.0,22,3,993.71,0,1.0
15810.0,22,4,1607.06,0,2.0
15757.0,22,4,2223.94,0,0.0
15659.0,22,2,226.04,0,0.0
15482.0,22,7,3465.6,0,1.0
16445.0,22,3,372.22,0,0.0
14405.0,22,1,195.0,0,0.0
17411.0,22,2,646.44,0,4.0
16554.0,22,5,2004.6200000000001,0,6.0
14446.0,22,1,201.73,0,0.0
12951.0,22,9,2147.65,0,3.0
17776.0,22,2,336.56,0,1.0
13864.0,22,1,496.8,0,0.0
14040.0,22,23,9025.65,0,4.0
14614.0,22,1,295.13,0,0.0
13665.0,22,3,1707.6599999999999,0,0.0
17355.0,22,1,285.11,0,0.0
13970.0,22,2,776.95,0,0.0
13137.0,22,8,4060.29,0,0.0
15071.0,22,2,473.49,0,0.0
16089.0,22,2,269.44,0,0.0
16973.0,22,1,127.0,0,0.0
15034.0,22,6,3925.47,0,0.0
15571.0,22,10,3274.44,0,0.0
12980.0,22,12,5670.88,0,2.0
17089.0,22,1,128.45,0,0.0
13996.0,22,2,860.71,0,0.0
18160.0,22,1,365.82,0,0.0
17421.0,22,3,1059.41,0,0.0
17193.0,22,2,602.74,0,1.0
16588.0,22,4,1361.28,0,0.0
15841.0,22,5,1500.11,0,1.0
17868.0,22,1,234.65,0,0.0
13004.0,22,18,5994.94,0,6.0
12759.0,22,5,3460.45,0,0.0
16261.0,22,2,312.62,0,0.0
17532.0,21,1,65.34,0,0.0
16080.0,21,2,385.40000000000003,0,1.0
12399.0,21,3,853.5,0,0.0
12629.0,21,2,1324.77,0,0.0
12562.0,21,2,1160.78,0,0.0
12739.0,21,2,1330.59,0,0.0
12419.0,21,2,450.81,0,0.0
12670.0,21,2,752.04,0,0.0
13317.0,21,13,4212.411,0,9.0
17683.0,21,3,819.01,0,0.0
15182.0,21,9,2376.1020000000003,0,3.0
15971.0,21,6,1561.38,0,2.0
13141.0,21,12,5275.83,0,3.0
18097.0,21,5,1961.52,0,2.0
13662.0,21,8,1348.35,0,2.0
17269.0,21,1,536.46,0,0.0
15805.0,21,13,4656.75,0,7.0
16279.0,21,6,4195.5,0,0.0
15129.0,21,12,3412.78,0,0.0
16936.0,21,1,288.49,0,0.0
17360.0,21,3,630.59,0,1.0
17864.0,21,2,326.82,0,0.0
17862.0,21,3,946.1899999999999,0,0.0
12553.0,21,2,871.22,0,1.0
12643.0,21,6,4207.51,0,2.0
16599.0,21,1,172.8,0,0.0
16885.0,21,1,239.23000000000002,0,0.0
17241.0,21,12,2744.14,0,0.0
16535.0,21,2,402.78999999999996,0,0.0
13156.0,21,3,1577.54,0,0.0
18022.0,21,4,983.68,0,0.0
12408.0,21,3,1371.67,0,2.0
15421.0,21,6,2849.98,0,0.0
15483.0,21,6,628.39,0,0.0
17433.0,21,1,266.8,0,0.0
17386.0,21,1,126.35000000000001,0,0.0
17861.0,21,10,3023.89,0,3.0
18035.0,21,2,546.34,0,0.0
13297.0,21,3,2277.77,0,1.0
18036.0,21,8,1151.02,0,0.0
14209.0,21,9,2882.84,0,3.0
16228.0,21,3,890.8100000000001,0,1.0
17589.0,21,14,11623.7,0,3.0
12978.0,21,5,2502.82,0,1.0
15846.0,21,1,107.01,0,0.0
13434.0,21,3,1132.6200000000001,0,0.0
12721.0,21,2,1336.65,0,2.0
12874.0,21,2,948.17,0,1.0
13124.0,21,1,916.12,0,0.0
13027.0,21,13,3490.56,0,4.0
16346.0,21,1,224.51,0,0.0
14616.0,21,2,121.7,0,0.0
17648.0,21,1,418.87,0,0.0
17493.0,21,1,100.91000000000001,0,0.0
17432.0,21,7,1381.6299999999999,0,0.0
12578.0,21,2,1631.22,0,1.0
17335.0,19,2,508.0,0,0.0
16746.0,19,24,11368.74,0,3.0
15561.0,19,4,1133.8,0,0.0
16326.0,19,10,1635.98,0,1.0
16768.0,19,6,1230.03,0,3.0
12887.0,19,1,222.4,0,0.0
16466.0,19,8,2123.08,0,1.0
12728.0,19,1,227.74,0,0.0
15611.0,19,13,1405.83,0,4.0
17540.0,19,4,1011.7,0,0.0
16934.0,19,4,1160.06,0,1.0
15885.0,19,12,1572.47,0,5.0
13873.0,19,5,647.32,0,0.0
13668.0,19,14,6671.75,0,4.0
13275.0,19,2,241.66,0,0.0
17769.0,19,7,3105.1,0,2.0
16792.0,19,3,508.08,0,0.0
16791.0,19,8,2316.91,0,2.0
16007.0,19,3,1373.2,0,0.0
17618.0,19,8,3101.66,0,2.0
13988.0,19,2,609.84,0,0.0
12858.0,19,1,172.92,0,1.0
15155.0,19,1,383.96999999999997,0,0.0
17096.0,19,7,2732.05,0,3.0
14512.0,19,5,948.19,0,0.0
17702.0,19,2,1319.67,0,2.0
16367.0,19,1,557.91,0,0.0
16979.0,19,3,1007.74,0,1.0
17275.0,19,1,109.52,0,0.0
12724.0,19,3,1264.76,0,0.0
17680.0,19,2,228.05,0,1.0
13484.0,19,2,476.92,0,1.0
14895.0,19,18,13591.5,0,6.0
17244.0,19,4,871.14,0,0.0
12705.0,19,5,4864.36,0,3.0
16726.0,19,2,706.39,0,0.0
16946.0,19,5,1197.04,0,1.0
16501.0,19,1,1236.23,0,0.0
12807.0,19,1,278.25,0,2.0
17036.0,19,1,174.9,0,0.0
13213.0,19,6,2328.94,0,2.0
15519.0,19,2,344.61,0,0.0
16050.0,19,2,162.8,0,0.0
15312.0,19,8,2005.3400000000001,0,1.0
13550.0,19,1,349.51,0,0.0
14583.0,19,3,728.48,0,0.0
15634.0,19,1,311.1,0,0.0
15579.0,19,3,951.9,0,2.0
18084.0,19,2,523.8,0,1.0
14146.0,19,7,5234.1,0,0.0
18069.0,19,6,2503.89,0,0.0
16619.0,19,3,1702.1200000000001,0,0.0
13658.0,19,4,3386.33,0,2.0
15114.0,19,2,631.56,0,0.0
13577.0,18,7,1801.68,0,2.0
15377.0,18,4,1211.75,0,1.0
14756.0,18,2,1865.75,0,1.0
18210.0,18,1,147.45,0,0.0
17696.0,18,19,5393.88,0,15.0
16156.0,18,11,3096.14,0,2.0
13086.0,18,1,439.33000000000004,0,0.0
13936.0,18,2,553.08,0,0.0
17251.0,18,2,529.15,0,1.0
17029.0,18,5,1328.9,0,0.0
16972.0,18,2,786.25,0,0.0
14419.0,18,1,202.85,0,0.0
17782.0,18,2,679.02,0,0.0
13426.0,18,12,4526.06,0,0.0
16424.0,18,1,309.5,0,0.0
18287.0,18,4,2310.66,0,1.0
16200.0,18,10,4562.83,0,1.0
16252.0,18,1,295.09000000000003,0,1.0
17730.0,18,7,2475.32,0,1.0
14134.0,18,15,10993.3,0,0.0
14461.0,18,10,4593.44,0,1.0
14585.0,18,4,986.22,0,0.0
16083.0,18,2,1033.8,0,0.0
18145.0,18,7,2752.2400000000002,0,1.0
12649.0,18,5,1638.74,0,2.0
14994.0,18,5,956.63,0,3.0
15169.0,18,2,569.22,0,0.0
13571.0,18,14,2444.2200000000003,0,0.0
12633.0,18,3,3450.38,0,2.0
15497.0,18,7,7389.19,0,1.0
16008.0,18,12,4905.35,0,0.0
13889.0,18,5,1574.3300000000002,0,2.0
12843.0,18,22,4672.46,1,3.0
16765.0,18,1,420.75,0,0.0
14649.0,18,5,2355.02,0,2.0
14048.0,18,2,313.76,0,0.0
16996.0,18,3,666.6500000000001,0,1.0
16209.0,18,4,1884.16,0,0.0
15590.0,18,5,1496.6,0,0.0
15133.0,18,2,824.48,0,0.0
13643.0,18,7,1627.33,0,5.0
14327.0,18,5,1583.28,0,0.0
14478.0,18,4,1271.66,0,0.0
18283.0,18,6,641.77,0,0.0
12949.0,18,14,11355.48,0,4.0
16373.0,18,2,309.49,0,0.0
17179.0,18,3,795.47,0,0.0
12393.0,18,2,816.85,0,1.0
16239.0,18,4,1078.0,0,0.0
17995.0,18,2,419.38,0,0.0
17713.0,18,4,1188.09,0,0.0
13546.0,18,2,465.15,0,0.0
14926.0,17,2,359.4,0,1.0
14057.0,17,5,2190.88,0,0.0
15261.0,17,3,1249.18,0,0.0
16935.0,17,3,535.1,0,0.0
13651.0,17,1,130.65,0,1.0
15986.0,17,1,186.3,0,0.0
16821.0,17,1,111.35,0,0.0
18006.0,17,3,553.1800000000001,0,0.0
17422.0,17,5,1615.39,0,5.0
17126.0,17,4,1065.69,0,0.0
15730.0,17,2,605.7,0,1.0
12880.0,17,2,640.13,0,0.0
17372.0,17,20,3029.88,0,3.0
17290.0,17,6,976.2,0,0.0
14555.0,17,4,1991.49,0,1.0
12849.0,17,4,2032.67,0,0.0
17458.0,17,1,213.08,0,0.0
17071.0,17,4,1372.17,0,2.0
14679.0,17,3,1289.44,0,2.0
17570.0,17,1,14.95,0,1.0
16229.0,17,4,1857.26,0,1.0
17872.0,17,1,235.87,0,0.0
16155.0,17,5,771.9,0,1.0
15384.0,17,2,1385.38,0,1.0
17098.0,17,3,591.0699999999999,0,0.0
13602.0,17,3,596.28,0,0.0
17508.0,17,7,4191.92,0,1.0
18203.0,17,3,344.0,0,0.0
12805.0,17,4,1410.35,0,0.0
15506.0,17,3,1060.77,0,0.0
12573.0,17,4,556.87,0,0.0
16938.0,17,5,4306.8,0,0.0
15719.0,17,18,5177.45,0,7.0
18047.0,17,2,342.69,0,0.0
16019.0,17,18,13539.130000000001,0,7.0
17974.0,17,3,1117.27,0,0.0
12897.0,17,2,297.75,0,0.0
17165.0,17,5,1635.64,0,2.0
14252.0,17,1,160.89,0,0.0
13869.0,17,6,4985.62,0,0.0
12434.0,17,1,297.29,0,0.0
17309.0,17,2,247.84,0,0.0
12577.0,17,5,995.9499999999999,0,0.0
14177.0,17,9,1669.93,0,0.0
17766.0,17,2,299.61,0,0.0
14755.0,17,14,4951.27,0,4.0
17442.0,17,9,2371.74,0,5.0
13451.0,17,6,4212.77,0,1.0
16430.0,17,6,817.04,0,0.0
15134.0,17,2,208.3,0,0.0
15864.0,17,1,244.44000000000003,0,0.0
13181.0,17,1,359.69,0,0.0
13211.0,17,7,1531.9,0,2.0
14332.0,17,2,1077.2,0,0.0
16531.0,17,4,1049.74,0,1.0
12599.0,17,6,1242.79,0,0.0
17700.0,17,10,4008.28,0,2.0
14798.0,17,5,550.5699999999999,0,1.0
12889.0,17,4,385.46000000000004,0,2.0
14972.0,17,1,30.300000000000004,0,0.0
16003.0,17,5,2754.46,0,0.0
16242.0,17,7,3871.19,0,3.0
16437.0,17,2,301.25,0,0.0
16001.0,17,1,583.39,0,1.0
14202.0,17,3,764.76,0,0.0
17598.0,17,1,409.98,0,0.0
13843.0,17,1,319.75,0,0.0
14154.0,17,6,5099.08,0,2.0
15951.0,17,1,304.95,0,0.0
15189.0,17,5,1298.99,0,0.0
16357.0,17,1,209.49,0,0.0
12377.0,17,2,1740.1,0,0.0
16316.0,16,5,2661.0,0,2.0
13310.0,16,2,409.17,0,0.0
12908.0,16,3,246.24,0,0.0
17744.0,16,1,326.74,0,0.0
14291.0,16,12,4012.85,0,1.0
17504.0,16,9,6409.45,0,0.0
17990.0,16,3,896.77,0,1.0
12931.0,16,42,26752.72,0,9.0
14543.0,16,23,11085.76,0,6.0
15173.0,16,7,1494.6,0,1.0
13750.0,16,6,1954.92,0,2.0
14861.0,16,9,1254.94,0,4.0
14350.0,16,2,658.1,0,0.0
12356.0,16,3,3455.15,0,0.0
18193.0,16,2,921.59,0,1.0
14552.0,16,2,346.21,0,0.0
14692.0,16,8,1153.54,0,0.0
14458.0,16,1,237.42,0,0.0
16794.0,16,5,864.1999999999999,0,0.0
14988.0,16,6,1732.06,0,0.0
15279.0,16,4,1290.03,0,2.0
12970.0,16,6,1072.73,0,0.0
15572.0,16,3,1505.81,0,0.0
15262.0,16,2,239.87,0,0.0
16292.0,16,4,951.51,0,3.0
16409.0,16,7,3675.16,0,0.0
13823.0,16,5,2351.79,0,1.0
13623.0,16,5,1816.71,0,3.0
14868.0,16,4,1230.42,0,0.0
13663.0,16,4,1850.04,0,1.0
18076.0,16,1,151.49,0,0.0
16085.0,16,7,1362.02,0,1.0
17601.0,16,1,305.46999999999997,0,0.0
13952.0,16,12,9572.45,0,2.0
16699.0,16,7,994.6,0,1.0
15471.0,16,2,847.0799999999999,0,0.0
16489.0,16,2,303.7,0,0.0
13686.0,16,2,337.04,0,0.0
15509.0,16,1,166.51,0,0.0
16903.0,16,2,689.04,0,1.0
15030.0,16,6,1406.75,0,1.0
16204.0,16,2,538.53,0,1.0
13554.0,16,7,1632.28,0,3.0
17349.0,16,4,708.5,0,0.0
15476.0,16,4,2209.98,0,1.0
14623.0,16,5,1170.33,0,1.0
16128.0,16,6,1876.51,0,3.0
17998.0,16,3,608.24,0,1.0
15269.0,16,2,816.56,0,0.0
13277.0,16,3,264.9,0,0.0
13162.0,16,12,7587.2,0,2.0
13992.0,16,2,142.7,0,0.0
14257.0,16,4,2854.73,0,0.0
14013.0,16,2,611.5500000000001,0,1.0
13654.0,16,5,3596.67,0,0.0
14127.0,16,3,1163.3700000000001,0,0.0
15902.0,16,1,145.01,0,0.0
12933.0,16,5,1077.5,0,2.0
14820.0,16,5,702.47,0,0.0
16401.0,15,11,2710.5099999999998,0,8.0
15661.0,15,6,906.15,0,0.0
16988.0,15,1,256.55,0,0.0
14961.0,15,13,9365.47,0,3.0
14560.0,15,22,3755.2999999999997,0,0.0
17167.0,15,3,867.11,0,0.0
13958.0,15,8,4703.2300000000005,0,4.0
14304.0,15,2,1341.56,0,1.0
13987.0,15,2,682.54,0,0.0
15287.0,15,3,331.26,0,0.0
15728.0,15,2,544.6,0,0.0
14540.0,15,8,2789.08,0,1.0
13258.0,15,2,336.59999999999997,0,0.0
17996.0,15,3,482.33,0,0.0
13993.0,15,10,3309.35,0,2.0
16684.0,15,27,61768.31,0,7.0
12360.0,15,5,1415.48,0,1.0
17342.0,15,4,1152.49,0,3.0
14963.0,15,7,1676.68,0,1.0
14709.0,15,12,3940.29,0,1.0
17633.0,15,3,732.55,0,0.0
13851.0,15,5,1955.0,0,1.0
15084.0,15,2,965.2,0,0.0
14450.0,15,4,645.19,0,0.0
18087.0,15,15,10154.46,0,2.0
16354.0,15,3,733.71,0,0.0
12910.0,15,5,2681.16,0,1.0
16709.0,15,9,5969.59,0,0.0
16515.0,15,5,1584.17,0,0.0
18025.0,15,6,1177.72,0,0.0
14824.0,15,6,2895.2000000000003,0,2.0
16570.0,15,10,3415.86,0,6.0
17457.0,15,9,4185.67,0,4.0
16874.0,15,1,217.74,0,0.0
14721.0,15,1,115.77,0,0.0
15044.0,15,18,8294.31,0,7.0
16612.0,15,5,2057.77,0,1.0
15020.0,15,1,203.42,0,0.0
14710.0,15,9,1316.46,0,0.0
13381.0,15,6,4569.06,0,2.0
14159.0,15,9,3144.3,0,2.0
14597.0,15,4,1318.3899999999999,0,0.0
16126.0,15,11,8359.03,0,0.0
